-3,3,-3,2,0,-10,4,-1,15,3,15,10.816653826391969,
0,3,-3,2,0,-10,4,-1,15,5,15,10.816653826391969,
2,3,-4,2,0,-10,4,-1,16,6,16,10.816653826391969,
4,3,-3,1,0,-10,4,-1,16,7,16,10.816653826391969,
8,3,-3,1,0,-10,4,-1,17,8,17,10.816653826391969,
10,3,-3,2,0,-10,4,-1,18,9,18,10.816653826391969,
12,3,-4,2,0,-10,4,-1,19,10,19,10.816653826391969,
14,3,-3,2,0,-11,4,-2,20,11,20,11.874342087037917,
16,3,-3,2,0,-11,4,-2,22,13,22,11.874342087037917,
18,3,-3,2,0,-11,4,-2,23,14,23,11.874342087037917,
20,3,-4,2,0,-11,4,-2,24,15,24,11.874342087037917,
22,3,-3,1,0,-11,4,-2,26,16,26,11.874342087037917,
24,3,-3,1,0,-12,4,-2,27,17,27,12.806248474865697,
26,3,-4,2,0,-12,4,-2,29,19,29,12.806248474865697,
28,3,-3,1,-1,-12,4,-2,31,21,31,12.806248474865697,
30,3,-3,1,0,-12,4,-3,33,22,33,13.0,
32,3,-3,2,0,-13,4,-3,35,24,35,13.92838827718412,
34,3,-4,2,0,-13,4,-3,36,25,36,13.92838827718412,
38,3,-3,1,0,-13,4,-3,38,27,38,13.92838827718412,
40,3,-4,1,0,-13,4,-3,40,29,40,13.92838827718412,
43,3,-3,2,0,-13,4,-3,41,31,41,13.92838827718412,
45,3,-4,1,1,-14,3,-3,42,33,42,14.628738838327793,
47,3,-3,2,0,-14,3,-4,43,36,43,14.866068747318506,
49,3,-4,1,0,-14,3,-4,44,38,44,14.866068747318506,
51,3,-4,2,0,-14,3,-4,45,39,45,14.866068747318506,
53,3,-4,1,0,-14,3,-4,46,41,46,14.866068747318506,
55,3,-4,1,0,-14,3,-4,47,43,47,14.866068747318506,
57,3,-4,1,0,-14,3,-4,48,45,48,14.866068747318506,
59,3,-4,2,0,-14,3,-4,48,47,48,14.866068747318506,
61,3,-4,1,0,-15,3,-4,49,48,49,15.811388300841896,
63,3,-3,1,0,-15,3,-4,49,49,49,15.811388300841896,
65,3,-4,1,0,-15,2,-4,50,50,50,15.652475842498529,
69,3,-4,1,0,-15,2,-4,50,52,50,15.652475842498529,
71,3,-3,2,0,-15,2,-4,51,53,51,15.652475842498529,
73,3,-4,1,-1,-15,2,-4,51,53,51,15.652475842498529,
75,3,-4,2,0,-15,2,-4,51,54,51,15.652475842498529,
77,3,-4,1,0,-15,2,-4,51,54,51,15.652475842498529,
79,3,-4,1,-1,-15,2,-4,51,55,51,15.652475842498529,
81,3,-4,1,0,-16,2,-4,51,55,51,16.61324772583615,
83,3,-4,2,-1,-16,2,-4,51,56,51,16.61324772583615,
86,3,-4,2,-1,-16,2,-4,51,56,51,16.61324772583615,
88,3,-4,1,0,-16,2,-4,50,57,50,16.61324772583615,
90,3,-4,2,-1,-16,2,-4,50,58,50,16.61324772583615,
92,3,-4,1,0,-17,2,-4,49,58,49,17.578395831246947,
94,3,-3,1,0,-17,2,-5,49,59,49,17.832554500127006,
96,3,-4,2,-1,-17,2,-5,48,60,48,17.832554500127006,
98,3,-4,1,-1,-17,2,-5,47,60,47,17.832554500127006,
100,3,-4,2,0,-17,2,-5,46,61,46,17.832554500127006,
104,3,-5,1,0,-17,2,-5,46,62,46,17.832554500127006,
106,3,-4,1,0,-18,2,-5,45,63,45,18.788294228055936,
108,3,-4,1,-2,-18,2,-5,44,63,44,18.788294228055936,
110,3,-4,1,-1,-18,2,-5,43,64,43,18.788294228055936,
112,3,-4,2,0,-18,2,-5,42,65,42,18.788294228055936,
114,3,-5,1,-1,-18,2,-5,41,65,41,18.788294228055936,
116,3,-5,1,0,-18,2,-5,41,66,41,18.788294228055936,
118,3,-4,1,0,-18,2,-5,40,66,40,18.788294228055936,
120,3,-5,1,0,-18,2,-5,39,67,39,18.788294228055936,
122,3,-4,1,0,-18,2,-5,38,67,38,18.788294228055936,
124,3,-5,2,0,-18,2,-5,37,68,37,18.788294228055936,
126,3,-4,2,0,-18,2,-4,36,68,36,18.547236990991408,
63,3,-4,1,0,-18,2,-4,36,68,36,18.547236990991408,
-125,3,-5,2,0,-18,2,-4,35,68,35,18.547236990991408,
-123,3,-5,1,-1,-18,2,-4,34,68,34,18.547236990991408,
-119,3,-4,1,0,-18,2,-4,34,68,34,18.547236990991408,
-117,3,-5,2,0,-19,2,-4,33,68,33,19.519221295943137,
63,3,-4,2,0,-19,2,-4,33,68,33,19.519221295943137,
63,3,-4,1,0,-19,2,-4,33,68,33,19.519221295943137,
-111,3,-4,1,0,-19,2,-4,33,68,33,19.519221295943137,
-109,3,-4,1,0,-19,2,-3,33,69,33,19.339079605813716,
-107,3,-5,2,0,-19,2,-3,33,69,33,19.339079605813716,
-105,3,-5,1,0,-19,2,-3,33,69,33,19.339079605813716,
-103,3,-4,1,-1,-19,2,-3,33,70,33,19.339079605813716,
-101,3,-5,1,-1,-19,2,-3,34,70,34,19.339079605813716,
63,3,-4,1,0,-20,2,-3,34,71,34,20.322401432901575,
-97,3,-5,1,0,-20,2,-3,35,72,35,20.322401432901575,
-95,3,-5,1,-1,-20,2,-2,35,73,35,20.199009876724155,
-93,3,-5,1,0,-20,2,-2,36,74,36,20.199009876724155,
-91,3,-5,1,0,-20,2,-2,37,75,37,20.199009876724155,
-87,3,-5,1,-1,-20,1,-2,38,76,38,20.12461179749811,
-84,3,-5,1,0,-20,1,-2,39,78,39,20.12461179749811,
-82,3,-5,1,0,-20,1,-2,40,79,40,20.12461179749811,
-80,3,-5,1,0,-20,1,-2,40,81,40,20.12461179749811,
-78,3,-5,2,0,-20,1,-2,42,83,42,20.12461179749811,
-76,3,-5,1,0,-20,1,-1,43,85,43,20.049937655763422,
-74,3,-5,1,0,-21,1,-2,44,87,44,21.118712081942874,
-72,3,-4,1,0,-21,0,-1,45,88,45,21.02379604162864,
-70,3,-5,1,1,-21,0,-1,46,90,46,21.02379604162864,
-68,3,-5,1,0,-21,0,-1,47,93,47,21.02379604162864,
-66,3,-5,0,0,-21,0,-1,48,94,48,21.02379604162864,
-64,3,-5,1,0,-21,0,-1,49,95,49,21.02379604162864,
-62,3,-4,1,0,-21,0,-1,51,96,51,21.02379604162864,
-60,3,-5,0,1,-21,0,-1,51,97,51,21.02379604162864,
-58,3,-5,1,0,-22,0,-1,53,99,53,22.02271554554524,
-54,3,-5,1,0,-21,0,-1,53,99,53,21.02379604162864,
-52,3,-5,1,0,-22,0,0,54,99,54,22.0,
-50,3,-5,0,1,-22,0,0,55,99,55,22.0,
-48,3,-5,1,1,-22,0,0,55,99,55,22.0,
-46,3,-5,1,0,-22,-1,0,56,99,56,22.02271554554524,
-44,3,-4,1,1,-22,-1,0,56,99,56,22.02271554554524,
-41,3,-5,1,0,-22,-2,0,55,98,55,22.090722034374522,
-39,3,-5,1,0,-22,-2,0,55,98,55,22.090722034374522,
-37,3,-5,1,0,-22,-2,0,54,98,54,22.090722034374522,
-35,3,-5,0,1,-22,-2,0,52,96,52,22.090722034374522,
-33,3,-6,1,0,-22,-3,0,51,96,51,22.20360331117452,
-31,3,-5,1,0,-22,-3,1,49,95,49,22.22611077089287,
-29,3,-5,1,1,-22,-3,1,47,94,47,22.22611077089287,
-27,3,-5,1,0,-22,-3,1,45,94,45,22.22611077089287,
-23,3,-5,0,1,-22,-4,1,41,93,41,22.38302928559939,
-21,3,-5,0,1,-22,-4,1,38,93,38,22.38302928559939,
-19,3,-4,0,1,-22,-4,2,34,93,34,22.44994432064365,
-17,3,-5,0,1,-22,-4,2,31,93,31,22.44994432064365,
-15,3,-4,-1,1,-22,-5,2,25,92,25,22.64950330581225,
-13,3,-5,0,1,-22,-5,2,21,92,21,22.64950330581225,
-11,3,-5,0,1,-22,-5,2,17,93,17,22.64950330581225,
-9,3,-5,0,1,-22,-5,2,13,93,13,22.64950330581225,
-7,3,-5,0,0,-22,-5,2,9,94,9,22.64950330581225,
-5,3,-5,0,1,-22,-5,2,3,94,3,22.64950330581225,
-3,3,-5,0,2,-22,-5,2,0,95,0,22.64950330581225,
0,3,-5,1,0,-22,-6,2,-4,95,-4,22.891046284519195,
2,3,-5,-1,0,-23,-6,2,-8,95,-8,23.853720883753127,
4,3,-5,0,0,-23,-6,2,-11,95,-11,23.853720883753127,
8,3,-6,0,1,-23,-6,3,-16,95,-16,23.958297101421877,
10,3,-5,-1,1,-23,-6,3,-19,95,-19,23.958297101421877,
12,3,-6,-1,1,-23,-6,3,-22,95,-22,23.958297101421877,
14,3,-5,0,1,-23,-6,3,-26,95,-26,23.958297101421877,
16,3,-5,0,1,-23,-6,3,-28,94,-28,23.958297101421877,
18,3,-6,0,0,-23,-5,3,-32,93,-32,23.727621035409346,
20,3,-5,1,1,-22,-5,3,-34,93,-34,22.759613353482084,
22,3,-5,0,1,-22,-5,3,-36,92,-36,22.759613353482084,
24,3,-5,1,1,-22,-5,3,-37,91,-37,22.759613353482084,
26,3,-6,0,0,-22,-5,3,-39,90,-39,22.759613353482084,
28,3,-6,0,1,-22,-4,2,-40,88,-40,22.44994432064365,
30,3,-5,0,0,-21,-4,2,-40,87,-40,21.470910553583888,
32,3,-5,0,1,-21,-4,2,-40,86,-40,21.470910553583888,
34,3,-5,0,1,-21,-3,2,-39,84,-39,21.307275752662516,
36,3,-5,0,1,-21,-3,1,-37,83,-37,21.236760581595302,
40,3,-4,0,1,-20,-2,1,-34,79,-34,20.12461179749811,
43,3,-5,0,0,-19,-2,0,-31,76,-31,19.1049731745428,
45,3,-4,1,0,-19,-2,0,-27,73,-27,19.1049731745428,
47,3,-5,0,0,-18,-2,0,-22,69,-22,18.110770276274835,
49,3,-4,1,1,-17,-2,0,-17,64,-17,17.11724276862369,
51,3,-4,0,0,-16,-2,-1,-8,57,-8,16.15549442140351,
53,3,-4,0,0,-16,-2,-1,-2,51,-2,16.15549442140351,
55,3,-4,0,0,-15,-2,-2,4,45,4,15.264337522473747,
57,3,-3,0,0,-15,-3,-2,12,40,12,15.427248620541512,
59,3,-3,0,0,-15,-3,-3,20,35,20,15.588457268119896,
61,3,-4,0,0,-15,-4,-3,31,28,31,15.811388300841896,
63,3,-4,-1,-1,-15,-5,-3,40,23,40,16.09347693943108,
65,3,-4,0,0,-15,-6,-3,48,19,48,16.431676725154983,
67,3,-4,-1,0,-15,-7,-3,57,15,57,16.822603841260722,
69,3,-4,-1,0,-15,-8,-2,66,11,66,17.11724276862369,
71,3,-4,-1,0,-14,-10,-2,81,6,81,17.320508075688775,
75,3,-4,-1,0,-14,-10,-2,90,3,90,17.320508075688775,
77,3,-4,-2,0,-13,-11,-2,100,1,100,17.146428199482248,
79,3,-3,-1,0,-13,-12,-1,109,0,109,17.72004514666935,
81,3,-4,-2,1,-12,-13,-1,118,0,118,17.72004514666935,
83,3,-3,-2,0,-11,-15,0,-128,1,-128,18.601075237738275,
86,3,-3,-2,1,-10,-16,0,-128,3,-128,18.867962264113206,
88,3,-3,-3,1,-9,-16,1,-128,6,-128,18.384776310850235,
90,3,-2,-2,0,-8,-17,1,-128,9,-128,18.81488772222678,
92,3,9,8,-1,-5,-17,2,-128,13,-128,17.832554500127006,
94,3,18,24,40,96,13,18,94,-60,94,98.53425800197614,
96,3,90,40,27,47,67,-12,90,127,90,82.71638289964086,
98,3,37,38,15,-128,127,-128,30,127,30,221.12666053644458,
100,3,10,20,-16,-128,127,-128,-5,69,-5,221.12666053644458,
102,3,19,8,-5,70,127,2,-128,-128,-128,145.02758358326184,
104,3,10,-9,0,123,70,-8,-128,-128,-128,141.74977954127476,
108,3,-14,-13,3,90,38,21,-128,-128,-128,99.92497185388645,
110,3,-19,-9,-6,-64,-20,-33,-128,-128,-128,74.73285756613352,
112,3,-13,-5,-4,-116,-73,-74,-128,-128,-128,155.75942989109842,
114,3,-11,-1,-4,-94,-53,-102,-128,2,-128,148.48905683584903,
116,3,1,0,-7,-61,-29,-43,-128,127,-128,80.06872048434394,
118,3,9,-2,-8,-7,-13,-46,-128,127,-128,48.31148931672465,
120,3,13,-4,-7,42,-27,-48,-128,127,-128,69.26037828369117,
122,3,13,-5,-9,77,-43,-28,-128,127,-128,92.53107586103168,
124,3,12,-5,-6,92,-39,-28,127,42,127,103.77379245262264,
126,3,12,-4,-6,86,-25,-24,43,-59,43,92.72000862812729,
63,3,8,-5,-4,81,-21,-28,-32,63,-32,88.23831367382311,
-125,3,5,-2,-3,63,-29,-32,-94,-128,-94,76.38062581571324,
-123,3,1,0,-1,42,-27,-30,-123,-128,-123,58.249463516842795,
-121,3,0,3,0,21,-11,-26,63,-111,63,35.185224171518364,
-119,3,2,5,1,11,16,-17,63,-51,63,25.80697580112788,
63,3,4,5,0,22,22,-10,-107,-15,-107,32.68026927673638,
63,3,4,4,2,29,24,-5,-102,14,-102,37.97367509209505,
-111,3,5,6,2,34,21,0,-91,30,-91,39.96248240537617,
-109,3,5,6,3,38,19,7,-72,34,-72,43.05810028322197,
-107,3,5,5,3,42,25,15,-36,27,-36,51.12729212465687,
-105,3,4,5,4,39,27,17,-14,22,-14,50.38849074937649,
-103,3,4,5,5,37,27,20,0,21,0,49.9799959983992,
-101,3,3,4,5,34,27,22,6,22,6,48.67237409455183,
63,3,2,4,5,30,25,22,10,28,10,44.82186966202994,
-97,3,2,3,4,23,20,22,13,47,13,37.589892258425,
-95,3,2,3,5,21,16,22,17,63,17,34.36568055487916,
-93,3,1,3,5,21,14,23,19,78,19,34.14674215792775,
-91,3,2,3,5,19,12,23,19,91,19,32.155870381627054,
-89,3,2,2,5,19,8,22,19,105,19,30.14962686336267,
-84,3,2,2,4,21,5,21,14,119,14,30.116440692751194,
-82,3,2,2,3,22,4,21,10,125,10,30.675723300355934,
-80,3,2,1,4,22,2,19,5,127,5,29.13760456866693,
-78,3,2,0,3,23,1,17,1,127,1,28.61817604250837,
-76,3,1,0,2,22,1,13,-3,127,-3,25.573423705088842,
-74,3,2,0,2,21,-1,9,-8,127,-8,22.869193252058544,
-72,3,2,0,2,20,-2,5,-10,127,-10,20.71231517720798,
-70,3,2,1,1,19,-4,2,-12,127,-12,19.519221295943137,
-68,3,1,1,0,19,-4,0,-13,127,-13,19.4164878389476,
-66,3,2,1,-1,19,-3,-2,-13,127,-13,19.339079605813716,
-64,3,3,2,-1,19,0,-6,-11,127,-11,19.924858845171276,
-62,3,2,2,-1,19,0,-8,-9,127,-9,20.615528128088304,
-60,3,2,1,-2,19,1,-10,-7,127,-7,21.494185260204677,
-58,3,2,2,-2,19,3,-12,-5,127,-5,22.67156809750927,
-54,3,2,2,-2,20,4,-13,-3,127,-3,24.186773244895647,
-52,3,2,2,-2,20,5,-14,-2,127,-2,24.919871588754223,
-50,3,2,2,-2,19,5,-14,-2,127,-2,24.124676163629637,
-48,3,2,2,-3,19,5,-14,-3,125,-3,24.124676163629637,
-46,3,1,1,-2,20,5,-14,-6,116,-6,24.919871588754223,
-44,3,2,1,-2,19,4,-14,-12,100,-12,23.93741840717165,
-41,3,2,1,-3,20,3,-13,-19,89,-19,24.041630560342615,
-39,3,2,1,-2,19,3,-12,-27,77,-27,22.67156809750927,
-37,3,2,2,-2,19,2,-12,-37,64,-37,22.561028345356956,
-35,3,2,1,-2,19,1,-12,-47,51,-47,22.494443758403985,
-33,3,2,1,-2,18,1,-11,-66,32,-66,21.118712081942874,
-31,3,2,1,-2,18,1,-11,-79,19,-79,21.118712081942874,
-29,3,1,1,-2,18,1,-11,-93,6,-93,21.118712081942874,
-27,3,2,1,-2,18,2,-11,-106,-5,-106,21.18962010041709,
-25,3,1,2,-2,17,3,-12,-120,-18,-120,21.02379604162864,
-21,3,2,2,-2,16,5,-13,63,-36,63,21.213203435596427,
-19,3,1,3,-2,16,7,-13,63,-47,63,21.77154105707724,
-17,3,1,3,-2,14,8,-14,63,-56,63,21.354156504062622,
-15,3,1,3,-2,13,9,-14,63,-64,63,21.118712081942874,
-13,3,0,3,-2,12,11,-14,63,-71,63,21.470910553583888,
-11,3,0,3,-2,10,13,-15,63,-78,63,22.22611077089287,
-9,3,1,3,-2,9,13,-16,63,-82,63,22.494443758403985,
-7,3,0,3,-2,8,15,-16,63,-83,63,23.345235059857504,
-5,3,-1,4,-2,7,16,-16,63,-82,63,23.68543856465402,
-3,3,0,4,-2,6,17,-16,63,-80,63,24.1039415863879,
0,3,-1,4,-2,6,19,-16,63,-78,63,25.553864678361276,
2,3,0,4,-2,5,20,-16,63,-75,63,26.095976701399778,
4,3,-1,4,-2,5,20,-16,63,-73,63,26.095976701399778,
6,3,-1,5,-1,5,21,-16,63,-70,63,26.870057685088806,
8,3,-1,5,-2,5,21,-16,63,-68,63,26.870057685088806,
10,3,-1,5,-1,4,21,-15,63,-66,63,26.115129714401192,
14,3,-1,4,-2,4,21,-15,63,-62,63,26.115129714401192,
16,3,-1,4,-2,4,20,-15,63,-59,63,25.317977802344327,
18,3,0,4,-2,4,20,-14,63,-57,63,24.73863375370596,
20,3,-1,4,-2,4,20,-14,63,-55,63,24.73863375370596,
22,3,-1,4,-2,3,19,-14,63,-52,63,23.790754506740637,
24,3,-1,4,-2,3,19,-14,63,-50,63,23.790754506740637,
26,3,0,3,-2,2,18,-14,63,-48,63,22.891046284519195,
28,3,-1,4,-2,2,17,-14,63,-46,63,22.11334438749598,
30,3,-1,4,-1,2,17,-13,63,-44,63,21.494185260204677,
32,3,-1,3,-2,1,16,-13,63,-42,63,20.639767440550294,
34,3,-2,3,-2,1,16,-13,63,-39,63,20.639767440550294,
36,3,-1,4,-2,0,15,-13,63,-37,63,19.849433241279208,
38,3,-1,3,-2,0,14,-13,63,-35,63,19.1049731745428,
40,3,-1,3,-1,0,14,-13,63,-33,63,19.1049731745428,
43,3,-1,3,-2,0,14,-13,63,-31,63,19.1049731745428,
47,3,-2,3,-2,0,13,-13,63,-31,63,18.384776310850235,
49,3,-2,3,-2,-1,15,-13,63,-31,63,19.87460691435179,
51,3,-1,3,-2,-1,12,-14,63,-28,63,18.466185312619388,
53,3,-1,3,-2,-1,11,-14,63,-27,63,17.832554500127006,
55,3,-1,3,-2,0,12,-13,63,-26,63,17.69180601295413,
57,3,-2,3,-2,0,12,-13,63,-25,63,17.69180601295413,
59,3,-1,2,-2,-1,12,-13,63,-25,63,17.72004514666935,
61,3,-1,3,-1,-1,11,-13,-124,-26,-124,17.05872210923198,
63,3,-2,3,-2,-1,11,-13,-121,-26,-121,17.05872210923198,
65,3,-1,3,-2,-1,10,-13,-118,-26,-118,16.431676725154983,
67,3,-1,3,-2,-2,10,-13,-114,-27,-114,16.522711641858304,
69,3,-2,3,-2,-2,9,-13,-111,-27,-111,15.937377450509228,
71,3,-2,3,-2,-2,10,-13,-108,-28,-108,16.522711641858304,
73,3,-2,3,-2,-3,9,-13,-106,-29,-106,16.09347693943108,
75,3,-2,2,-2,-3,9,-13,-101,-30,-101,16.09347693943108,
79,3,-1,2,-2,-4,9,-13,63,-31,63,16.30950643030009,
81,3,-2,3,-2,-4,9,-13,-96,-32,-96,16.30950643030009,
83,3,-2,2,-2,-4,8,-13,-94,-34,-94,15.7797338380595,
86,3,-2,2,-2,-5,8,-13,-92,-35,-92,16.06237840420901,
88,3,-2,2,-1,-5,8,-13,-89,-36,-89,16.06237840420901,
90,3,-2,2,-1,-5,8,-13,-88,-37,-88,16.06237840420901,
92,3,-3,2,-1,-5,7,-13,-86,-38,-86,15.588457268119896,
94,3,-3,2,-1,-6,7,-13,-85,-39,-85,15.937377450509228,
96,3,-3,2,-2,-6,7,-13,-83,-41,-83,15.937377450509228,
98,3,-3,2,-2,-6,7,-13,-82,-42,-82,15.937377450509228,
100,3,-3,2,-2,-7,6,-13,-82,-44,-82,15.937377450509228,
102,3,-2,2,-2,-7,6,-13,-81,-45,-81,15.937377450509228,
104,3,-3,1,-2,-7,6,-13,-80,-46,-80,15.937377450509228,
106,3,-2,2,-2,-8,6,-14,-76,-47,-76,17.204650534085253,
108,3,-3,2,-2,-8,6,-16,-81,-49,-81,18.867962264113206,
112,3,-3,1,-3,-7,5,-12,-80,-46,-80,14.7648230602334,
114,3,-3,1,-2,-11,4,-13,-78,-47,-78,17.4928556845359,
116,3,-3,2,-1,-11,5,-13,-78,-48,-78,17.74823934929885,
118,3,-3,1,-1,-10,5,-14,-78,-47,-78,17.916472867168917,
120,3,-2,1,-1,-9,5,-14,-75,-48,-75,17.378147196982766,
122,3,-3,2,-2,-9,5,-14,-73,-49,-73,17.378147196982766,
124,3,-3,2,-2,-10,5,-14,-71,-49,-71,17.916472867168917,
126,3,-3,2,-2,-10,5,-14,-69,-49,-69,17.916472867168917,
63,3,-3,2,-2,-10,5,-14,-67,-50,-67,17.916472867168917,
-125,3,-3,2,-1,-10,5,-14,-64,-51,-64,17.916472867168917,
-123,3,-3,1,-2,-10,5,-14,-61,-51,-61,17.916472867168917,
-121,3,-3,1,-2,-10,5,-14,-58,-52,-58,17.916472867168917,
-119,3,-3,2,-1,-10,5,-13,-55,-53,-55,17.146428199482248,
-117,3,-3,2,-2,-10,5,-13,-52,-55,-52,17.146428199482248,
63,3,-3,2,-2,-10,5,-13,-47,-57,-47,17.146428199482248,
-111,3,-3,2,-2,-10,4,-13,-45,-58,-45,16.881943016134134,
-109,3,-4,1,-2,-10,4,-13,-41,-59,-41,16.881943016134134,
-107,3,-3,2,-2,-10,4,-13,-38,-61,-38,16.881943016134134,
-105,3,-3,1,-2,-10,4,-13,-36,-62,-36,16.881943016134134,
-103,3,-3,1,-2,-10,4,-12,-32,-64,-32,16.1245154965971,
-101,3,-3,2,-2,-10,4,-12,-29,-65,-29,16.1245154965971,
63,3,-3,2,-2,-10,4,-12,-27,-66,-27,16.1245154965971,
-97,3,-3,1,-2,-10,4,-12,-25,-67,-25,16.1245154965971,
-95,3,-3,2,-1,-10,3,-12,-23,-68,-23,15.905973720586866,
-93,3,-3,2,-2,-10,3,-11,-21,-70,-21,15.165750888103101,
-91,3,-2,1,-2,-10,3,-11,-19,-71,-19,15.165750888103101,
-89,3,-2,2,-1,-10,3,-10,-19,-72,-19,14.45683229480096,
-87,3,-3,1,-2,-10,3,-10,-18,-73,-18,14.45683229480096,
-82,3,-3,1,-1,-10,3,-10,-17,-74,-17,14.45683229480096,
-80,3,-3,1,-1,-10,3,-9,-17,-75,-17,13.784048752090222,
-78,3,-3,2,-2,-9,3,-9,-17,-76,-17,13.076696830622021,
-76,3,-3,1,-1,-9,3,-9,-18,-77,-18,13.076696830622021,
-74,3,-3,1,-1,-9,2,-8,-18,-78,-18,12.206555615733702,
-72,3,-3,1,0,-9,2,-8,-20,-78,-20,12.206555615733702,
-70,3,-2,1,-1,-9,2,-8,-21,-79,-21,12.206555615733702,
-68,3,-3,2,-1,-9,2,-8,-23,-79,-23,12.206555615733702,
-66,3,-3,1,-1,-10,2,-7,-25,-79,-25,12.36931687685298,
-64,3,-2,1,0,-9,2,-7,-26,-79,-26,11.575836902790225,
-62,3,-3,1,-1,-9,2,-7,-28,-79,-28,11.575836902790225,
-60,3,-3,1,0,-9,2,-7,-31,-78,-31,11.575836902790225,
-58,3,-2,1,0,-9,2,-6,-33,-78,-33,11.0,
-56,3,-3,2,0,-9,2,-6,-35,-77,-35,11.0,
-54,3,-3,1,-1,-9,2,-6,-37,-77,-37,11.0,
-50,3,-3,2,-1,-9,2,-6,-39,-76,-39,11.0,
-48,3,-3,1,0,-9,3,-6,-41,-75,-41,11.224972160321824,
-46,3,-2,1,0,-9,3,-6,-43,-74,-43,11.224972160321824,
-44,3,-3,1,-1,-9,3,-6,-44,-74,-44,11.224972160321824,
-41,3,-3,2,0,-9,3,-6,-45,-73,-45,11.224972160321824,
-39,3,-3,2,0,-9,3,-5,-47,-71,-47,10.723805294763608,
-37,3,-3,2,-1,-8,3,-5,-48,-70,-48,9.899494936611665,
-35,3,-3,2,-1,-8,3,-5,-49,-69,-49,9.899494936611665,
-33,3,-3,2,0,-8,3,-5,-49,-68,-49,9.899494936611665,
-31,3,-3,1,0,-8,4,-5,-49,-67,-49,10.246950765959598,
-29,3,-2,1,0,-8,4,-5,-49,-67,-49,10.246950765959598,
-27,3,-3,2,0,-8,4,-5,-49,-65,-49,10.246950765959598,
-25,3,-3,1,0,-8,4,-4,-49,-64,-49,9.797958971132712,
-23,3,-3,2,0,-8,4,-4,-48,-63,-48,9.797958971132712,
-21,3,-3,2,-1,-8,4,-4,-48,-61,-48,9.797958971132712,
-19,3,-3,2,0,-8,4,-4,-46,-60,-46,9.797958971132712,
-15,3,-3,2,0,-7,5,-4,-44,-59,-44,9.486832980505138,
-13,3,-3,2,0,-7,5,-4,-42,-57,-42,9.486832980505138,
-11,3,-3,2,0,-7,5,-4,-41,-56,-41,9.486832980505138,
-9,3,-3,3,0,-7,5,-4,-39,-55,-39,9.486832980505138,
-7,3,-2,2,0,-7,5,-4,-37,-54,-37,9.486832980505138,
-5,3,-3,2,0,-7,5,-3,-34,-53,-34,9.1104335791443,
-3,3,-2,2,0,-7,5,-3,-31,-51,-31,9.1104335791443,
0,3,-3,1,0,-7,5,-3,-29,-50,-29,9.1104335791443,
2,3,-3,2,0,-7,5,-3,-27,-49,-27,9.1104335791443,
4,3,-3,2,0,-6,5,-3,-24,-48,-24,8.366600265340756,
6,3,-3,1,-1,-6,5,-3,-21,-46,-21,8.366600265340756,
8,3,-2,2,0,-6,5,-3,-18,-45,-18,8.366600265340756,
10,3,-3,2,-1,-6,4,-3,-16,-44,-16,7.810249675906654,
12,3,-2,1,-1,-6,4,-2,-14,-43,-14,7.483314773547883,
14,3,-3,2,0,-6,4,-2,-12,-42,-12,7.483314773547883,
18,3,-2,1,-1,-6,4,-2,-8,-40,-8,7.483314773547883,
20,3,-2,1,0,-6,4,-2,-6,-39,-6,7.483314773547883,
22,3,-3,2,1,-6,4,-2,-5,-38,-5,7.483314773547883,
24,3,-2,1,0,-6,4,-2,-3,-37,-3,7.483314773547883,
26,3,-3,1,0,-6,4,-2,-1,-36,-1,7.483314773547883,
28,3,-2,2,0,-5,3,-2,0,-35,0,6.164414002968976,
30,3,-3,1,0,-5,3,-2,2,-34,2,6.164414002968976,
32,3,-2,2,1,-5,3,-2,3,-33,3,6.164414002968976,
34,3,-2,1,0,-5,3,-2,4,-32,4,6.164414002968976,
36,3,-3,1,0,-5,3,-2,5,-31,5,6.164414002968976,
38,3,-3,1,0,-5,2,-2,6,-30,6,5.744562646538029,
40,3,-2,1,1,-5,2,-2,7,-29,7,5.744562646538029,
43,3,-3,2,0,-5,2,-2,7,-28,7,5.744562646538029,
45,3,-2,1,0,-4,2,-2,8,-28,8,4.898979485566356,
47,3,-2,1,0,-4,2,-2,8,-27,8,4.898979485566356,
51,3,-2,2,0,-4,2,-2,9,-27,9,4.898979485566356,
53,3,-2,1,1,-4,2,-1,9,-27,9,4.58257569495584,
55,3,-2,1,0,-4,2,-1,9,-26,9,4.58257569495584,
57,3,-2,2,0,-4,2,-1,9,-26,9,4.58257569495584,
59,3,-2,1,0,-4,2,-1,10,-26,10,4.58257569495584,
61,3,-2,1,1,-4,2,-1,9,-26,9,4.58257569495584,
63,3,-2,1,0,-4,1,-1,9,-25,9,4.242640687119285,
65,3,-2,1,0,-3,1,-1,9,-25,9,3.3166247903554,
67,3,-2,1,0,-3,1,-1,9,-25,9,3.3166247903554,
69,3,-2,1,0,-3,1,-1,9,-25,9,3.3166247903554,
71,3,-2,1,1,-3,1,-1,8,-25,8,3.3166247903554,
73,3,-2,1,1,-3,1,-1,8,-25,8,3.3166247903554,
75,3,-2,2,0,-3,1,-1,8,-25,8,3.3166247903554,
77,3,-2,1,0,-3,1,-1,8,-25,8,3.3166247903554,
81,3,-1,1,0,-3,1,-1,7,-25,7,3.3166247903554,
83,3,-2,1,1,-3,1,-1,7,-25,7,3.3166247903554,
86,3,-2,1,0,-3,1,-1,7,-25,7,3.3166247903554,
88,3,-2,2,0,-3,1,-1,6,-25,6,3.3166247903554,
90,3,-2,1,1,-3,1,-1,6,-26,6,3.3166247903554,
92,3,-2,1,0,-3,1,-1,6,-26,6,3.3166247903554,
94,3,-2,1,0,-3,1,-1,6,-26,6,3.3166247903554,
96,3,-2,1,0,-3,1,-1,6,-26,6,3.3166247903554,
98,3,-2,1,0,-3,1,-1,6,-26,6,3.3166247903554,
100,3,-2,1,0,-3,1,-1,6,-26,6,3.3166247903554,
102,3,-2,1,1,-3,1,0,5,-26,5,3.1622776601683795,
104,3,-2,2,1,-3,2,-1,5,-26,5,3.7416573867739413,
106,3,-3,1,1,-3,2,-1,5,-26,5,3.7416573867739413,
108,3,-2,2,0,-3,1,-1,5,-26,5,3.3166247903554,
112,3,-2,2,1,-3,1,-1,6,-26,6,3.3166247903554,
114,3,-2,1,0,-3,2,-1,6,-26,6,3.7416573867739413,
116,3,-2,1,0,-3,2,-1,6,-26,6,3.7416573867739413,
118,3,-3,1,0,-3,2,-1,7,-26,7,3.7416573867739413,
120,3,-2,1,1,-3,2,-1,7,-26,7,3.7416573867739413,
122,3,-2,2,0,-3,2,-1,8,-26,8,3.7416573867739413,
124,3,-1,1,0,-3,2,-1,9,-26,9,3.7416573867739413,
126,3,-2,1,0,-3,2,-1,10,-26,10,3.7416573867739413,
63,3,-1,1,0,-3,2,-1,10,-27,10,3.7416573867739413,
