-72,3,-3,1,0,-10,0,-4,25,22,25,10.770329614269007,
-70,3,-3,1,-1,-10,0,-4,25,22,25,10.770329614269007,
-68,3,-3,1,0,-10,0,-4,25,22,25,10.770329614269007,
-66,3,-3,0,0,-10,0,-4,25,22,25,10.770329614269007,
-62,3,-3,1,0,-10,0,-4,25,22,25,10.770329614269007,
-60,3,-3,1,0,-10,0,-4,25,22,25,10.770329614269007,
-58,3,-3,1,0,-10,0,-4,25,22,25,10.770329614269007,
-56,3,-3,1,0,-10,0,-4,25,23,25,10.770329614269007,
-54,3,-3,1,0,-10,0,-4,25,23,25,10.770329614269007,
-52,3,-3,1,-1,-10,0,-4,25,23,25,10.770329614269007,
-50,3,-4,0,0,-11,0,-4,24,23,24,11.704699910719626,
-48,3,-3,0,-1,-11,0,-4,24,23,24,11.704699910719626,
-46,3,-3,1,0,-11,0,-4,24,23,24,11.704699910719626,
-44,3,-3,1,0,-11,0,-4,24,23,24,11.704699910719626,
-41,3,-3,1,0,-11,-1,-4,23,23,23,11.74734012447073,
-39,3,-3,1,0,-11,-1,-4,23,24,23,11.74734012447073,
-37,3,-3,1,0,-11,-1,-4,23,24,23,11.74734012447073,
-35,3,-3,0,0,-11,-1,-4,22,24,22,11.74734012447073,
-33,3,-4,0,0,-12,-1,-4,22,25,22,12.68857754044952,
-29,3,-3,0,0,-12,-1,-4,21,25,21,12.68857754044952,
-27,3,-3,1,0,-12,-1,-3,21,26,21,12.409673645990857,
-25,3,-3,1,0,-12,-1,-4,21,26,21,12.68857754044952,
-23,3,-3,1,0,-12,-1,-4,21,26,21,12.68857754044952,
-21,3,-3,0,0,-12,-1,-4,21,27,21,12.68857754044952,
-19,3,-3,0,0,-12,-1,-4,22,27,22,12.68857754044952,
-17,3,-3,1,0,-12,-1,-4,22,27,22,12.68857754044952,
-15,3,-3,0,0,-12,-1,-4,23,27,23,12.68857754044952,
-13,3,-3,0,1,-12,-1,-4,23,27,23,12.68857754044952,
-11,3,-3,1,0,-12,-1,-4,24,27,24,12.68857754044952,
-9,3,-3,1,-1,-12,-2,-4,25,28,25,12.806248474865697,
-7,3,-4,1,0,-12,-2,-4,26,28,26,12.806248474865697,
-5,3,-3,0,0,-12,-2,-4,27,28,27,12.806248474865697,
-3,3,-3,1,0,-12,-2,-4,28,28,28,12.806248474865697,
2,3,-3,1,0,-12,-2,-4,29,29,29,12.806248474865697,
4,3,-4,0,-1,-13,-2,-4,30,29,30,13.74772708486752,
6,3,-3,1,0,-13,-2,-4,31,30,31,13.74772708486752,
8,3,-4,0,0,-13,-3,-4,32,30,32,13.92838827718412,
10,3,-3,0,0,-13,-3,-3,32,31,32,13.674794331177344,
12,3,-3,0,0,-13,-3,-3,33,32,33,13.674794331177344,
14,3,-4,0,0,-13,-3,-3,34,32,34,13.674794331177344,
16,3,-4,0,0,-13,-3,-3,35,33,35,13.674794331177344,
18,3,-4,0,0,-14,-3,-3,35,33,35,14.628738838327793,
20,3,-3,1,0,-14,-4,-3,35,34,35,14.866068747318506,
22,3,-4,0,0,-14,-4,-3,36,35,36,14.866068747318506,
24,3,-4,0,0,-14,-4,-3,36,36,36,14.866068747318506,
26,3,-4,0,0,-14,-4,-2,36,37,36,14.696938456699069,
28,3,-3,0,0,-14,-5,-2,36,38,36,15.0,
32,3,-4,0,0,-14,-5,-2,36,39,36,15.0,
34,3,-3,0,0,-14,-6,-2,35,40,35,15.362291495737216,
36,3,-4,0,0,-15,-6,-2,35,41,35,16.278820596099706,
38,3,-3,-1,0,-15,-6,-2,35,42,35,16.278820596099706,
40,3,-3,0,1,-15,-7,-2,34,43,34,16.673332000533065,
43,3,-4,0,1,-15,-7,-2,34,44,34,16.673332000533065,
45,3,-4,-1,0,-15,-8,-2,34,45,34,17.11724276862369,
47,3,-4,-1,0,-15,-8,-2,33,46,33,17.11724276862369,
49,3,-4,-1,0,-15,-9,-2,33,47,33,17.60681686165901,
51,3,-4,-1,0,-16,-10,-2,32,48,32,18.973665961010276,
53,3,-4,-1,1,-16,-10,-2,32,49,32,18.973665961010276,
55,3,-4,-1,0,-17,-12,-2,31,49,31,20.904544960366874,
57,3,-5,-1,-1,-17,-13,-2,32,50,32,21.494185260204677,
59,3,-4,-2,0,-18,-14,-3,32,51,32,23.0,
61,3,-4,-2,0,-19,-15,-3,32,53,32,24.392621835300936,
65,3,-4,-2,0,-19,-15,-3,33,54,33,24.392621835300936,
67,3,-5,-3,0,-20,-16,-3,33,55,33,25.787593916455254,
69,3,-5,-2,0,-21,-17,-3,34,54,34,27.184554438136374,
71,3,-5,-2,1,-21,-18,-3,34,53,34,27.820855486487112,
73,3,-5,-3,0,-21,-18,-3,33,52,33,27.820855486487112,
75,3,-5,-3,0,-21,-19,-2,34,50,34,28.39013913315678,
77,3,-4,-2,0,-21,-20,-1,33,46,33,29.017236257093817,
79,3,-5,-4,0,-22,-21,-1,32,42,32,30.430248109405877,
81,3,-5,-4,0,-22,-22,0,30,38,30,31.11269837220809,
83,3,-6,-3,0,-22,-23,0,28,34,28,31.827660925679098,
86,3,-5,-3,1,-22,-24,0,26,30,26,32.55764119219941,
88,3,-5,-4,1,-23,-25,1,20,23,20,33.98529093593286,
90,3,-5,-3,1,-23,-25,1,17,19,17,33.98529093593286,
92,3,-5,-4,1,-23,-26,2,12,16,12,34.77067730142742,
94,3,-5,-4,1,-23,-27,3,6,12,6,35.59494346111537,
98,3,-5,-4,0,-23,-28,3,0,10,0,36.359317925395686,
100,3,-5,-5,2,-22,-29,4,-13,6,-13,36.61966684720111,
102,3,-5,-5,1,-22,-31,4,-21,5,-21,38.22302970723278,
104,3,-5,-4,1,-22,-32,4,-31,6,-31,39.03844259188627,
106,3,-5,-5,2,-22,-33,5,-40,8,-40,39.97499218261337,
108,3,-4,-6,2,-21,-33,5,-49,11,-49,39.433488306260706,
110,3,-5,-5,2,-21,-33,6,-61,17,-61,39.57271787481876,
112,3,-5,-5,2,-21,-33,7,-68,22,-68,39.736632972611055,
114,3,-5,-5,2,-21,-32,7,-74,29,-74,38.91015291668744,
116,3,-5,-5,2,-22,-32,8,-79,37,-79,39.64845520319802,
118,3,-5,-5,2,-22,-32,8,-84,45,-84,39.64845520319802,
120,3,-4,-5,2,-21,-32,9,-92,57,-92,39.319206502675,
122,3,-4,-5,2,-19,-32,10,-98,64,-98,38.535697735995385,
124,3,-4,-5,3,-18,-32,11,-103,70,-103,38.3275357934736,
126,3,-4,-5,2,-17,-31,13,-108,75,-108,37.66961640367472,
63,3,-4,-5,3,-16,-30,13,63,79,63,36.40054944640259,
-123,3,-4,-4,3,-15,-29,14,-116,82,-116,35.52463933666322,
-121,3,-3,-4,3,-14,-28,15,-116,85,-116,34.713109915419565,
-119,3,-3,-4,2,-14,-27,15,-114,87,-114,33.91164991562634,
-117,3,-3,-3,3,-14,-26,16,-109,89,-109,33.58571124749333,
63,3,-3,-3,3,-13,-25,16,-101,91,-101,32.4037034920393,
63,3,-4,-3,3,-13,-22,16,-85,95,-85,30.14962686336267,
-111,3,-3,-2,4,-12,-20,17,-70,95,-70,28.861739379323623,
-109,3,-3,-3,4,-12,-20,17,-53,95,-53,28.861739379323623,
-107,3,-3,-1,3,-10,-18,18,-31,94,-31,27.349588662354687,
-105,3,-3,0,4,-9,-15,17,-7,91,-7,24.392621835300936,
-103,3,-2,-1,4,-7,-12,17,35,89,35,21.95449840010015,
-101,3,-3,-1,4,-6,-10,16,65,89,65,19.79898987322333,
63,3,-2,0,4,-7,-11,16,97,90,97,20.639767440550294,
-97,3,-1,1,2,-6,-11,15,-128,93,-128,19.544820285692065,
-95,3,15,21,-5,-4,-8,14,-128,97,-128,16.61324772583615,
-91,3,44,23,12,80,31,16,-128,-22,-128,87.27542609463445,
-89,3,48,62,-6,-128,122,-33,-128,17,-128,179.88051589874874,
-87,3,45,60,-19,-128,127,52,-128,61,-128,187.66193007640095,
-84,3,19,35,-6,-128,127,-12,-128,-128,-128,180.71247881648904,
-82,3,-10,13,-5,-128,127,-20,-128,-128,-128,181.41940359289026,
-80,3,-23,-3,-1,-67,127,-91,-128,-128,-128,169.99705879808627,
-78,3,-8,-9,10,63,105,-63,-128,-128,-128,137.706209010342,
-76,3,-12,-17,14,-68,-7,9,-128,-128,-128,68.9492567037528,
-74,3,-23,-16,11,-42,-67,41,-128,-32,-128,89.07300376657341,
-72,3,-25,-5,-3,-110,-103,15,-128,127,-128,151.43975699927677,
-70,3,-13,8,-5,63,-38,-36,-128,127,-128,81.9084855189009,
-68,3,0,11,-2,-101,15,-29,-128,127,-128,106.14612569472331,
-66,3,10,9,-2,-13,59,-15,-128,127,-128,62.24949798994366,
-64,3,12,4,-8,45,53,13,-128,127,-128,70.73188814106408,
-60,3,10,-1,-8,74,18,9,-128,127,-128,76.68767828015137,
-58,3,3,-3,-6,66,-13,-28,-128,38,-128,72.86288492778748,
-56,3,-4,-4,-1,23,-23,-27,-128,-26,-128,42.2729227756965,
-54,3,-3,-5,1,-7,-23,-17,-128,-49,-128,29.444863728670914,
-52,3,-2,-4,1,-17,-22,-1,-128,-54,-128,27.820855486487112,
-50,3,-1,-3,0,-11,-23,0,-128,-44,-128,25.495097567963924,
-48,3,-1,-1,-2,-1,-20,-9,-128,-10,-128,21.95449840010015,
-46,3,-1,2,-3,0,-13,-17,-128,21,-128,21.400934559032695,
-44,3,0,2,-3,0,1,-21,-128,45,-128,21.02379604162864,
-41,3,0,2,-5,1,9,-23,-128,54,-128,24.71841418861655,
-39,3,0,2,-5,4,8,-25,122,47,122,26.551836094703507,
-37,3,-2,3,-5,4,6,-28,87,36,87,28.91366458960192,
-35,3,-1,4,-3,3,10,-31,62,26,62,32.71085446759225,
-33,3,-1,5,-2,-1,16,-28,45,31,45,32.264531609803356,
-29,3,-1,5,0,-3,23,-23,33,45,33,32.66496594212215,
-27,3,-1,5,1,0,30,-14,21,77,21,33.1058907144937,
-25,3,0,5,0,1,29,-9,16,100,16,30.380915061926625,
-23,3,0,5,1,5,27,-5,15,120,15,27.910571473905726,
-21,3,0,4,1,8,26,-3,17,127,17,27.367864366808018,
-19,3,1,2,1,10,23,0,16,127,16,25.079872407968907,
-17,3,1,1,1,13,15,1,15,127,15,19.87460691435179,
-15,3,1,0,1,11,9,1,12,127,12,14.247806848775006,
-13,3,0,-1,2,9,5,0,8,127,8,10.295630140987,
-11,3,1,-1,1,7,0,0,4,127,4,7.0,
-9,3,0,-1,0,7,-1,-1,-2,127,-2,7.14142842854285,
-7,3,1,-2,0,10,-7,-4,-13,127,-13,12.84523257866513,
-5,3,2,-3,-2,14,-11,-5,-21,127,-21,18.49324200890693,
-3,3,3,-4,-1,18,-16,-6,-33,127,-33,24.819347291981714,
0,3,3,-4,0,20,-22,-7,-52,127,-52,30.54504869860253,
4,3,4,-4,-2,23,-28,-7,-73,127,-73,36.90528417449187,
6,3,5,-4,-2,28,-30,-7,-108,127,-108,41.6293165929973,
8,3,4,-4,-2,29,-29,-10,63,127,63,42.21374183841087,
10,3,5,-4,-2,32,-30,-11,63,127,63,45.221676218380054,
12,3,4,-3,-2,32,-30,-12,63,127,63,45.47526800360829,
14,3,4,-3,-2,30,-31,-12,63,127,63,44.77722635447622,
16,3,2,-2,0,26,-31,-12,63,127,63,42.20189569201838,
18,3,3,-1,0,22,-25,-5,63,127,63,33.67491648096547,
20,3,4,0,-1,26,-21,-8,63,117,63,34.36568055487916,
22,3,4,0,-1,33,-12,-9,63,106,63,36.24913792078372,
24,3,4,1,-2,33,-5,-8,63,89,63,34.322004603461025,
26,3,4,0,-1,31,-3,-9,63,59,63,32.41913015489465,
28,3,4,1,-1,31,-3,-9,63,42,63,32.41913015489465,
30,3,3,2,-1,30,0,-9,63,25,63,31.32091952673165,
32,3,3,3,-2,28,1,-9,63,9,63,29.427877939124322,
36,3,2,3,-1,25,4,-8,63,-4,63,26.551836094703507,
38,3,1,3,0,21,6,-7,63,-22,63,22.93468988235943,
40,3,1,3,0,19,7,-6,63,-32,63,21.118712081942874,
43,3,0,4,0,15,6,-5,63,-39,63,16.911534525287763,
45,3,0,3,0,11,6,-5,63,-39,63,13.490737563232042,
47,3,0,3,0,10,6,-5,63,-37,63,12.68857754044952,
49,3,0,3,0,8,5,-1,63,-38,63,9.486832980505138,
51,3,0,3,1,8,4,-2,63,-36,63,9.16515138991168,
53,3,-1,2,0,7,4,-1,63,-31,63,8.12403840463596,
55,3,0,2,0,6,2,-1,63,-26,63,6.4031242374328485,
57,3,0,2,0,5,1,-2,63,-19,63,5.477225575051661,
59,3,0,1,0,4,1,-3,63,-6,63,5.0990195135927845,
61,3,0,1,1,5,1,-4,63,1,63,6.48074069840786,
63,3,0,1,-1,5,1,-5,63,9,63,7.14142842854285,
65,3,-1,1,1,5,0,-6,63,17,63,7.810249675906654,
67,3,-1,0,0,4,0,-7,63,23,63,8.06225774829855,
71,3,0,1,-1,4,-2,-8,63,34,63,9.16515138991168,
73,3,0,1,0,5,-3,-8,63,41,63,9.899494936611665,
75,3,-1,0,-1,5,-5,-8,-98,46,-98,10.677078252031311,
77,3,0,-1,-2,5,-6,-8,-82,50,-82,11.180339887498949,
79,3,0,0,0,7,-7,-9,-68,53,-68,13.379088160259652,
81,3,0,-1,-1,8,-9,-9,-49,56,-49,15.033296378372908,
83,3,0,-2,-1,7,-10,-9,-37,56,-37,15.165750888103101,
86,3,0,-1,-1,9,-11,-10,-27,54,-27,17.378147196982766,
88,3,0,-2,-1,9,-13,-9,-16,53,-16,18.193405398660254,
90,3,0,-1,-2,8,-13,-9,-9,50,-9,17.72004514666935,
92,3,1,-1,-1,7,-13,-10,2,46,2,17.832554500127006,
94,3,0,-2,-1,8,-12,-10,9,44,9,17.549928774784245,
96,3,0,-1,-1,8,-12,-10,16,41,16,17.549928774784245,
98,3,0,0,-1,7,-10,-10,21,38,21,15.7797338380595,
100,3,0,0,-1,6,-8,-10,28,35,28,14.142135623730951,
104,3,0,1,-1,6,-4,-10,41,33,41,12.328828005937952,
106,3,0,1,-1,6,-2,-10,52,32,52,11.832159566199232,
108,3,-1,2,0,4,0,-10,62,31,62,10.770329614269007,
110,3,-1,2,-1,2,1,-9,70,32,70,9.273618495495704,
112,3,-1,2,-1,2,3,-9,77,32,77,9.695359714832659,
114,3,0,2,-1,4,5,-7,90,36,90,9.486832980505138,
116,3,0,3,0,5,7,-6,98,37,98,10.488088481701515,
118,3,0,2,0,5,8,-5,105,37,105,10.677078252031311,
120,3,0,2,0,6,9,-5,112,37,112,11.916375287812984,
122,3,0,3,0,6,9,-5,119,37,119,11.916375287812984,
124,3,0,3,0,7,10,-5,-128,35,-128,13.19090595827292,
126,3,0,3,0,8,10,-5,-128,32,-128,13.74772708486752,
63,3,0,3,-1,8,9,-6,-128,30,-128,13.45362404707371,
-125,3,1,2,0,7,9,-6,-128,28,-128,12.884098726725126,
-121,3,1,2,-1,7,8,-6,-128,26,-128,12.206555615733702,
-119,3,0,1,0,7,5,-7,-128,24,-128,11.090536506409418,
-117,3,0,0,-1,7,4,-7,-128,23,-128,10.677078252031311,
63,3,-1,2,0,7,3,-7,-128,22,-128,10.344080432788601,
63,3,-1,1,-1,4,1,-6,-128,25,-128,7.280109889280518,
-111,3,1,0,0,6,2,-6,-128,25,-128,8.717797887081348,
-109,3,0,1,0,9,0,-7,-128,27,-128,11.40175425099138,
-107,3,0,1,0,6,0,-5,-128,27,-128,7.810249675906654,
-105,3,0,0,0,6,0,-6,-128,26,-128,8.48528137423857,
-103,3,0,1,0,7,-1,-6,-128,29,-128,9.273618495495704,
-101,3,0,1,0,8,-1,-5,-128,31,-128,9.486832980505138,
63,3,0,1,0,8,-1,-5,-128,32,-128,9.486832980505138,
-97,3,0,0,0,7,-3,-5,-128,33,-128,9.1104335791443,
-95,3,0,1,0,7,-3,-5,-128,36,-128,9.1104335791443,
-91,3,0,-1,0,6,-4,-4,-128,40,-128,8.246211251235321,
-89,3,0,0,0,8,-4,-6,-128,38,-128,10.770329614269007,
-87,3,0,-1,1,8,-5,-5,-128,39,-128,10.677078252031311,
-84,3,0,0,0,6,-6,-4,-128,42,-128,9.38083151964686,
-82,3,0,-1,0,8,-6,-5,-128,44,-128,11.180339887498949,
-80,3,0,-1,0,7,-7,-4,120,49,120,10.677078252031311,
-78,3,0,-1,0,7,-9,-4,101,54,101,12.083045973594572,
-76,3,0,-1,0,6,-7,-4,81,51,81,10.04987562112089,
-74,3,0,-1,0,7,-8,-3,64,52,64,11.045361017187261,
-72,3,0,-1,0,9,-8,-4,49,52,49,12.68857754044952,
-70,3,1,-1,0,9,-6,-5,32,54,32,11.916375287812984,
-68,3,1,0,0,10,-4,-6,12,54,12,12.328828005937952,
-66,3,1,1,-1,10,-5,-6,0,54,0,12.68857754044952,
-64,3,0,0,-1,10,-5,-6,-10,53,-10,12.68857754044952,
-62,3,0,0,0,10,-4,-6,-21,52,-21,12.328828005937952,
-58,3,1,0,0,10,-4,-6,-32,50,-32,12.328828005937952,
-56,3,0,0,-1,10,-4,-6,-48,46,-48,12.328828005937952,
-54,3,0,0,-1,10,-4,-7,-59,44,-59,12.84523257866513,
-52,3,1,0,-1,10,-3,-7,-70,42,-70,12.569805089976535,
-50,3,1,0,0,10,-3,-7,-81,40,-81,12.569805089976535,
-48,3,1,1,-1,10,-2,-7,-91,38,-91,12.36931687685298,
-46,3,0,0,-1,9,-1,-8,-105,37,-105,12.083045973594572,
-44,3,0,1,-1,9,-1,-8,-114,36,-114,12.083045973594572,
-41,3,0,1,0,9,-1,-8,-123,35,-123,12.083045973594572,
-39,3,1,1,-1,9,0,-8,63,35,63,12.041594578792296,
-37,3,1,1,0,9,0,-8,63,35,63,12.041594578792296,
-35,3,0,0,-1,8,0,-8,63,34,63,11.313708498984761,
-33,3,0,1,0,8,0,-8,63,34,63,11.313708498984761,
-31,3,0,1,-1,8,1,-8,63,34,63,11.357816691600547,
-29,3,1,1,-1,8,1,-8,63,33,63,11.357816691600547,
-25,3,1,2,-1,8,2,-8,63,32,63,11.489125293076057,
-23,3,0,2,-1,8,2,-8,63,32,63,11.489125293076057,
-21,3,0,1,0,8,3,-8,63,31,63,11.704699910719626,
-19,3,1,2,0,8,3,-8,63,31,63,11.704699910719626,
-17,3,0,2,-1,8,4,-8,63,31,63,12.0,
-15,3,0,2,0,7,4,-8,63,30,63,11.357816691600547,
-13,3,0,1,-1,7,4,-8,63,30,63,11.357816691600547,
-11,3,0,2,-1,7,5,-8,63,30,63,11.74734012447073,
-9,3,0,2,-1,7,5,-8,63,31,63,11.74734012447073,
-7,3,-1,2,-1,7,5,-8,63,31,63,11.74734012447073,
-5,3,0,2,0,7,6,-8,63,32,63,12.206555615733702,
-3,3,-1,2,-1,6,6,-8,63,33,63,11.661903789690601,
0,3,0,2,-1,6,6,-8,63,34,63,11.661903789690601,
2,3,0,2,-1,6,6,-8,63,36,63,11.661903789690601,
4,3,-1,2,-1,6,7,-8,63,37,63,12.206555615733702,
6,3,0,2,-1,5,7,-8,63,38,63,11.74734012447073,
10,3,-1,2,-1,5,7,-8,63,40,63,11.74734012447073,
12,3,0,2,-1,5,7,-9,63,41,63,12.449899597988733,
14,3,0,3,-1,5,8,-9,63,42,63,13.038404810405298,
16,3,0,2,-1,5,8,-9,63,42,63,13.038404810405298,
18,3,0,2,-1,5,8,-9,63,42,63,13.038404810405298,
20,3,0,2,-1,4,8,-10,63,42,63,13.416407864998739,
22,3,0,2,-1,4,8,-10,63,42,63,13.416407864998739,
24,3,0,2,-2,4,8,-10,63,41,63,13.416407864998739,
26,3,-1,2,-2,4,8,-10,63,40,63,13.416407864998739,
28,3,0,2,-1,4,8,-11,63,39,63,14.177446878757825,
30,3,-1,3,-1,4,7,-11,63,36,63,13.638181696985855,
32,3,-1,3,-2,3,8,-11,63,35,63,13.92838827718412,
34,3,-1,2,-1,3,8,-12,63,32,63,14.730919862656235,
36,3,-1,2,-2,3,7,-12,63,31,63,14.212670403551895,
38,3,-1,2,-1,3,7,-12,63,29,63,14.212670403551895,
43,3,-1,1,-2,2,7,-12,63,25,63,14.035668847618199,
45,3,-1,2,-2,2,7,-12,63,23,63,14.035668847618199,
47,3,-1,3,-2,2,7,-12,63,20,63,14.035668847618199,
49,3,-1,2,-1,1,6,-12,63,18,63,13.45362404707371,
51,3,-1,2,-2,1,6,-13,63,15,63,14.352700094407323,
53,3,-1,2,-2,0,6,-13,63,11,63,14.317821063276353,
55,3,-2,2,-2,0,6,-13,63,8,63,14.317821063276353,
57,3,-1,2,-1,0,5,-13,63,6,63,13.92838827718412,
59,3,-1,2,-2,0,5,-13,63,3,63,13.92838827718412,
61,3,-1,2,-2,0,5,-13,63,1,63,13.92838827718412,
63,3,-1,2,-2,-1,5,-13,63,-1,63,13.96424004376894,
65,3,-1,2,-1,-1,5,-13,63,-3,63,13.96424004376894,
67,3,-1,1,-1,-2,5,-13,63,-4,63,14.071247279470288,
69,3,-1,1,-2,-2,4,-13,63,-5,63,13.74772708486752,
73,3,-2,2,-1,-2,4,-13,63,-7,63,13.74772708486752,
75,3,-2,1,-2,-3,4,-13,63,-8,63,13.92838827718412,
77,3,-2,1,-2,-3,4,-13,63,-9,63,13.92838827718412,
79,3,-2,1,-2,-4,4,-13,63,-10,63,14.177446878757825,
81,3,-2,1,-1,-4,3,-13,63,-10,63,13.92838827718412,
83,3,-2,2,-2,-4,3,-13,63,-11,63,13.92838827718412,
86,3,-2,1,-2,-5,3,-13,63,-12,63,14.247806848775006,
88,3,-3,1,-1,-6,3,-13,63,-12,63,14.628738838327793,
90,3,-3,1,-2,-6,3,-13,63,-13,63,14.628738838327793,
92,3,-3,1,-2,-6,2,-13,63,-13,63,14.45683229480096,
94,3,-2,1,-2,-7,2,-13,63,-14,63,14.89966442575134,
96,3,-2,1,-1,-7,2,-13,63,-14,63,14.89966442575134,
98,3,-2,1,-2,-7,2,-13,63,-15,63,14.89966442575134,
100,3,-3,1,-1,-8,2,-13,63,-16,63,15.394804318340652,
104,3,-3,1,-2,-8,2,-13,63,-17,63,15.394804318340652,
106,3,-3,1,-2,-8,2,-13,63,-19,63,15.394804318340652,
108,3,-3,1,-3,-9,2,-14,63,-20,63,16.76305461424021,
110,3,-3,1,-2,-9,2,-14,63,-22,63,16.76305461424021,
112,3,-3,2,-2,-9,2,-14,63,-23,63,16.76305461424021,
114,3,-3,1,-2,-9,2,-14,63,-25,63,16.76305461424021,
116,3,-3,1,-2,-10,3,-15,63,-28,63,18.275666882497067,
118,3,-3,1,-2,-10,2,-14,63,-31,63,17.320508075688775,
120,3,-3,1,-2,-9,4,-16,63,-35,63,18.788294228055936,
122,3,-3,2,-2,-10,3,-15,63,-37,63,18.275666882497067,
124,3,-3,1,-2,-10,3,-15,-126,-41,-126,18.275666882497067,
126,3,-3,2,-2,-11,4,-16,-122,-45,-122,19.82422760159901,
63,3,-3,2,-2,-11,4,-16,-118,-48,-118,19.82422760159901,
-125,3,-3,1,-2,-11,4,-16,63,-51,63,19.82422760159901,
-123,3,-3,1,-2,-11,4,-16,63,-54,63,19.82422760159901,
-119,3,-3,1,-2,-11,4,-16,-109,-57,-109,19.82422760159901,
-117,3,-3,1,-3,-12,5,-17,-104,-60,-104,21.400934559032695,
63,3,-3,2,-2,-12,5,-17,-101,-62,-101,21.400934559032695,
63,3,-3,2,-2,-12,6,-17,-98,-64,-98,21.656407827707714,
-111,3,-3,2,-3,-12,6,-17,-95,-66,-95,21.656407827707714,
-109,3,-3,2,-2,-12,6,-17,-92,-68,-92,21.656407827707714,
-107,3,-3,2,-2,-12,7,-17,-88,-69,-88,21.95449840010015,
-105,3,-3,2,-2,-12,7,-17,-86,-69,-86,21.95449840010015,
-103,3,-3,2,-3,-12,8,-17,-84,-71,-84,22.293496809607955,
-101,3,-4,2,-2,-12,8,-17,-82,-71,-82,22.293496809607955,
63,3,-3,3,-2,-12,9,-17,-81,-72,-81,22.67156809750927,
-97,3,-3,3,-2,-12,9,-17,-79,-72,-79,22.67156809750927,
-95,3,-3,2,-2,-12,9,-17,-78,-72,-78,22.67156809750927,
-93,3,-3,2,-2,-12,10,-17,-77,-71,-77,23.08679276123039,
-91,3,-3,3,-2,-12,10,-17,-77,-71,-77,23.08679276123039,
-87,3,-3,3,-1,-12,11,-17,-76,-70,-76,23.53720459187964,
-84,3,-3,3,-2,-12,11,-17,-76,-69,-76,23.53720459187964,
-82,3,-3,3,-2,-12,12,-17,-76,-68,-76,24.020824298928627,
-80,3,-3,3,-2,-12,12,-17,-76,-67,-76,24.020824298928627,
-78,3,-3,3,-2,-12,12,-17,-76,-67,-76,24.020824298928627,
-76,3,-4,3,-2,-12,13,-17,-76,-66,-76,24.535688292770594,
-74,3,-3,4,-2,-12,13,-17,-76,-64,-76,24.535688292770594,
-72,3,-3,4,-2,-12,14,-17,-76,-64,-76,25.079872407968907,
-70,3,-3,4,-2,-12,14,-17,-75,-64,-75,25.079872407968907,
-68,3,-3,3,-2,-12,14,-16,-75,-63,-75,24.413111231467404,
-66,3,-3,4,-2,-12,15,-16,-74,-64,-74,25.0,
-64,3,-3,3,-3,-12,15,-16,-73,-64,-73,25.0,
-62,3,-3,4,-2,-12,15,-16,-71,-65,-71,25.0,
-60,3,-3,4,-2,-12,16,-16,-69,-65,-69,25.612496949731394,
-58,3,-3,4,-1,-12,16,-15,-67,-66,-67,25.0,
-56,3,-3,4,-3,-12,16,-15,-65,-66,-65,25.0,
-52,3,-3,4,-2,-12,16,-15,-61,-68,-61,25.0,
-50,3,-3,4,-2,-12,16,-15,-58,-68,-58,25.0,
-48,3,-3,4,-2,-12,16,-14,-54,-68,-54,24.413111231467404,
-46,3,-3,3,-2,-12,16,-14,-51,-68,-51,24.413111231467404,
-44,3,-3,4,-2,-12,16,-14,-47,-68,-47,24.413111231467404,
-41,3,-3,4,-2,-12,16,-13,-41,-69,-41,23.853720883753127,
-39,3,-3,4,-2,-11,16,-13,-36,-69,-36,23.366642891095847,
-37,3,-3,3,-2,-11,16,-13,-31,-69,-31,23.366642891095847,
-35,3,-3,4,-2,-11,16,-13,-27,-70,-27,23.366642891095847,
-33,3,-3,4,-1,-11,16,-13,-22,-70,-22,23.366642891095847,
-31,3,-3,4,-1,-11,15,-12,-14,-70,-14,22.135943621178654,
-29,3,-3,3,-3,-11,15,-12,-9,-70,-9,22.135943621178654,
-27,3,-3,4,-2,-10,15,-11,-4,-70,-4,21.118712081942874,
-25,3,-3,4,-2,-10,14,-11,1,-71,1,20.42057785666214,
-23,3,-3,4,-1,-10,14,-11,6,-71,6,20.42057785666214,
-19,3,-3,4,-1,-10,14,-10,14,-72,14,19.8997487421324,
-17,3,-3,3,-1,-9,13,-10,19,-73,19,18.708286933869708,
-15,3,-3,3,-1,-9,13,-10,24,-74,24,18.708286933869708,
-13,3,-3,3,-1,-9,13,-10,29,-74,29,18.708286933869708,
-11,3,-3,3,-1,-9,12,-9,34,-76,34,17.4928556845359,
-9,3,-2,3,0,-8,12,-9,41,-77,41,17.0,
-7,3,-3,3,-2,-8,11,-9,45,-78,45,16.30950643030009,
-5,3,-2,3,-1,-8,11,-8,49,-79,49,15.7797338380595,
-3,3,-3,3,-1,-8,10,-8,53,-80,53,15.0996688705415,
0,3,-2,2,-1,-8,10,-8,57,-81,57,15.0996688705415,
2,3,-2,3,0,-7,9,-8,62,-82,62,13.92838827718412,
4,3,-3,2,0,-7,9,-7,65,-82,65,13.379088160259652,
6,3,-2,2,-1,-7,9,-7,68,-82,68,13.379088160259652,
8,3,-2,3,-1,-7,8,-7,70,-82,70,12.727922061357855,
12,3,-2,2,-1,-7,8,-7,72,-82,72,12.727922061357855,
14,3,-2,3,0,-6,8,-7,75,-82,75,12.206555615733702,
16,3,-1,2,-1,-6,8,-7,77,-83,77,12.206555615733702,
18,3,-2,2,0,-6,8,-6,78,-83,78,11.661903789690601,
20,3,-2,2,-1,-5,7,-6,80,-84,80,10.488088481701515,
22,3,-2,2,-1,-5,7,-6,81,-85,81,10.488088481701515,
24,3,-2,3,-1,-4,7,-6,82,-86,82,10.04987562112089,
26,3,-2,3,0,-4,6,-5,83,-87,83,8.774964387392123,
28,3,-2,1,0,-4,6,-5,83,-89,83,8.774964387392123,
30,3,-1,2,0,-4,6,-5,84,-90,84,8.774964387392123,
32,3,-2,2,-1,-3,6,-5,84,-91,84,8.366600265340756,
34,3,-2,2,0,-3,5,-5,84,-93,84,7.681145747868608,
36,3,-1,1,-1,-3,5,-4,84,-95,84,7.0710678118654755,
38,3,-2,2,0,-3,5,-4,84,-96,84,7.0710678118654755,
43,3,-1,2,0,-3,5,-4,84,-97,84,7.0710678118654755,
45,3,-1,1,0,-3,4,-4,83,-98,83,6.4031242374328485,
47,3,-1,1,0,-2,4,-4,82,63,82,6.0,
49,3,-2,1,0,-2,3,-3,82,63,82,4.69041575982343,
51,3,-1,2,0,-2,3,-3,81,-100,81,4.69041575982343,
53,3,-2,1,1,-2,3,-3,80,-100,80,4.69041575982343,
55,3,-2,1,0,-2,3,-3,79,-101,79,4.69041575982343,
57,3,-1,1,1,-2,2,-3,78,-101,78,4.123105625617661,
59,3,-1,1,0,-2,2,-3,77,-101,77,4.123105625617661,
61,3,-1,2,0,-2,2,-2,76,-101,76,3.4641016151377544,
63,3,-1,1,0,-2,2,-2,75,-101,75,3.4641016151377544,
65,3,-2,1,0,-1,1,-2,73,-101,73,2.449489742783178,
67,3,-1,1,0,-1,1,-2,72,-101,72,2.449489742783178,
69,3,-2,1,0,-1,1,-2,71,-100,71,2.449489742783178,
71,3,-1,1,0,-1,1,-2,70,-100,70,2.449489742783178,
75,3,-2,1,0,-1,1,-1,69,-100,69,1.7320508075688772,
77,3,-1,1,0,-1,0,-1,67,-100,67,1.4142135623730951,
79,3,-1,1,1,-1,0,-1,66,63,66,1.4142135623730951,
81,3,-1,1,0,-1,0,-1,64,63,64,1.4142135623730951,
83,3,-2,1,0,-1,0,-1,63,63,63,1.4142135623730951,
86,3,-2,1,1,-1,0,-1,61,-98,61,1.4142135623730951,
88,3,-1,0,1,-1,0,-1,59,-97,59,1.4142135623730951,
90,3,-1,1,1,-1,0,0,58,-96,58,1.0,
92,3,-1,1,0,-1,0,0,56,-95,56,1.0,
94,3,-2,1,0,-1,0,0,54,-93,54,1.0,
96,3,-1,1,0,-1,0,0,53,-92,53,1.0,
98,3,-1,0,0,-1,0,0,50,-90,50,1.0,
100,3,-1,1,0,-1,-1,0,48,-88,48,1.4142135623730951,
102,3,-2,1,0,-1,-1,0,47,-86,47,1.4142135623730951,
104,3,-2,1,0,-1,-1,0,45,-84,45,1.4142135623730951,
106,3,-2,0,1,-1,-1,0,43,-82,43,1.4142135623730951,
110,3,-1,0,1,-1,-1,0,40,-78,40,1.4142135623730951,
112,3,-1,1,1,-1,-1,0,39,-76,39,1.4142135623730951,
114,3,-2,1,1,-1,-1,0,37,-74,37,1.4142135623730951,
116,3,-1,1,0,-1,-1,0,35,-71,35,1.4142135623730951,
118,3,-2,1,0,-1,-2,0,33,-69,33,2.23606797749979,
120,3,-2,0,0,-1,-2,0,31,-65,31,2.23606797749979,
122,3,-1,0,0,-1,-2,0,29,-63,29,2.23606797749979,
124,3,-1,0,0,-1,-2,0,28,-61,28,2.23606797749979,
126,3,-2,1,1,-1,-2,0,26,-58,26,2.23606797749979,
63,3,-1,0,1,-1,-2,0,25,-56,25,2.23606797749979,
-125,3,-1,0,1,-1,-2,0,22,-54,22,2.23606797749979,
-123,3,-1,1,1,-1,-2,0,21,-52,21,2.23606797749979,
-121,3,-2,0,1,-1,-2,0,20,-50,20,2.23606797749979,
-119,3,-2,1,1,-1,-2,0,18,-49,18,2.23606797749979,
-117,3,-2,0,0,-1,-1,0,17,-47,17,1.4142135623730951,
63,3,-2,1,1,-1,-1,0,15,-46,15,1.4142135623730951,
-111,3,-1,1,1,-1,-1,0,14,-45,14,1.4142135623730951,
-109,3,-2,1,1,-1,-1,0,13,-44,13,1.4142135623730951,
-107,3,-1,1,1,-1,-1,0,12,-43,12,1.4142135623730951,
-105,3,-1,1,0,-1,-1,0,12,-42,12,1.4142135623730951,
-103,3,-1,0,1,-1,0,0,10,-41,10,1.0,
-101,3,-1,1,0,-1,0,0,10,-40,10,1.0,
63,3,-1,1,0,-1,0,0,9,-39,9,1.0,
-97,3,-1,1,0,-1,0,0,8,-39,8,1.0,
-95,3,-1,1,1,-1,0,0,8,-37,8,1.0,
-93,3,-1,1,1,-1,0,0,7,-36,7,1.0,
-91,3,-2,1,0,-1,0,0,6,-34,6,1.0,
-89,3,-2,1,1,-1,0,-1,5,-33,5,1.4142135623730951,
-87,3,-2,1,0,-2,0,-1,5,-31,5,2.23606797749979,
-84,3,-2,1,0,-2,0,-1,4,-30,4,2.23606797749979,
-80,3,-1,1,0,-2,0,-1,3,-27,3,2.23606797749979,
-78,3,-2,1,0,-2,1,-1,3,-25,3,2.449489742783178,
-76,3,-2,1,1,-2,1,-1,2,-23,2,2.449489742783178,
