0,3,1,1,0,9,2,-4,-51,-40,-51,10.04987562112089,
131,3,0,2,0,9,2,-4,-49,-41,-49,10.04987562112089,
133,3,1,2,0,9,2,-4,-49,-41,-49,10.04987562112089,
135,3,1,2,-1,9,2,-4,-49,-42,-49,10.04987562112089,
137,3,1,1,0,9,2,-4,-48,-42,-48,10.04987562112089,
139,3,0,2,-1,9,3,-5,-44,-40,-44,10.723805294763608,
319,3,0,1,0,9,4,-6,-34,-31,-34,11.532562594670797,
319,3,0,2,0,8,4,-7,-26,-24,-26,11.357816691600547,
401,3,0,2,0,8,4,-6,-19,-17,-19,10.770329614269007,
403,3,1,2,0,8,4,-6,-13,-12,-13,10.770329614269007,
405,3,1,2,0,8,4,-5,-10,-9,-10,10.246950765959598,
407,3,1,2,0,8,4,-4,-9,-9,-9,9.797958971132712,
409,3,0,2,0,8,4,-4,-9,-10,-9,9.797958971132712,
575,3,0,2,-1,8,4,-4,-9,-12,-9,9.797958971132712,
671,3,0,2,-1,8,4,-3,-8,-14,-8,9.433981132056603,
673,3,0,2,0,8,4,-4,-7,-16,-7,9.797958971132712,
675,3,0,2,1,8,4,-3,-4,-17,-4,9.433981132056603,
677,3,0,2,0,7,4,-4,0,-17,0,9.0,
679,3,0,2,0,7,4,-4,2,-16,2,9.0,
681,3,0,2,0,7,4,-4,6,-14,6,9.0,
684,3,0,1,0,7,4,-3,9,-11,9,8.602325267042627,
686,3,0,1,0,6,3,-3,13,-7,13,7.3484692283495345,
688,3,0,1,0,6,3,-3,16,-4,16,7.3484692283495345,
690,3,0,1,0,6,3,-3,19,-2,19,7.3484692283495345,
692,3,0,1,0,6,3,-3,21,0,21,7.3484692283495345,
694,3,0,2,0,6,3,-3,23,1,23,7.3484692283495345,
696,3,0,2,0,6,3,-3,27,3,27,7.3484692283495345,
698,3,0,2,0,6,3,-3,29,4,29,7.3484692283495345,
702,3,0,2,0,6,3,-3,32,6,32,7.3484692283495345,
704,3,-1,2,0,6,3,-3,34,8,34,7.3484692283495345,
706,3,0,1,0,6,3,-3,37,10,37,7.3484692283495345,
708,3,0,1,-1,5,3,-3,41,13,41,6.557438524302,
710,3,0,1,0,5,3,-3,44,14,44,6.557438524302,
712,3,0,1,0,5,3,-3,47,16,47,6.557438524302,
714,3,0,2,0,5,3,-3,49,17,49,6.557438524302,
716,3,1,2,-1,5,3,-3,51,19,51,6.557438524302,
718,3,0,1,-1,5,3,-3,55,21,55,6.557438524302,
720,3,0,1,1,5,3,-3,57,22,57,6.557438524302,
722,3,0,2,0,5,3,-3,60,23,60,6.557438524302,
724,3,0,2,0,5,3,-3,63,25,63,6.557438524302,
727,3,-1,1,-1,5,2,-3,67,26,67,6.164414002968976,
729,3,0,2,0,6,2,-3,73,28,73,7.0,
731,3,0,2,0,6,3,-3,76,28,76,7.3484692283495345,
735,3,-1,1,1,6,3,-2,79,28,79,7.0,
737,3,0,1,-1,6,3,-2,81,26,81,7.0,
739,3,0,1,0,6,3,-2,84,24,84,7.0,
741,3,0,1,0,6,3,-2,85,24,85,7.0,
743,3,-1,1,-1,6,2,-2,89,24,89,6.6332495807108,
745,3,0,1,0,6,2,-2,91,22,91,6.6332495807108,
747,3,0,1,0,6,0,-2,91,22,91,6.324555320336759,
749,3,0,2,0,6,0,-2,88,21,88,6.324555320336759,
751,3,0,2,0,7,-1,-2,84,17,84,7.3484692283495345,
753,3,0,1,0,7,-2,-2,79,14,79,7.54983443527075,
755,3,0,2,0,6,-3,-2,77,10,77,7.0,
757,3,0,1,0,6,-3,-2,73,6,73,7.0,
759,3,0,1,0,5,-3,-3,66,2,66,6.557438524302,
761,3,-1,2,-1,4,-2,-3,50,0,50,5.385164807134504,
763,3,-1,1,-1,4,0,-3,44,-1,44,5.0,
768,3,0,2,0,3,0,-3,36,-3,36,4.242640687119285,
770,3,-1,2,-1,2,1,-3,28,-4,28,3.7416573867739413,
772,3,-1,2,-1,1,0,-2,16,-6,16,2.23606797749979,
774,3,-1,2,0,1,0,-2,7,-10,7,2.23606797749979,
776,3,-1,1,0,0,0,-2,-1,-16,-1,2.0,
778,3,-1,2,-1,0,-1,-1,-11,-21,-11,1.4142135623730951,
780,3,-1,2,0,0,-1,-2,-22,-24,-22,2.23606797749979,
782,3,0,1,0,0,-2,-2,-36,-25,-36,2.8284271247461903,
784,3,0,1,0,0,-2,-3,-57,-23,-57,3.605551275463989,
786,3,0,0,0,3,-2,-5,-66,-10,-66,6.164414002968976,
788,3,1,0,0,5,-1,-8,-65,15,-65,9.486832980505138,
790,3,1,-1,0,10,0,-11,-54,53,-54,14.866068747318506,
792,3,2,-1,0,14,0,-10,-36,86,-36,17.204650534085253,
794,3,2,0,-2,19,0,-6,-10,96,-10,19.924858845171276,
796,3,3,0,-1,21,-1,-4,0,81,0,21.400934559032695,
800,3,2,1,0,21,-2,-2,2,54,2,21.18962010041709,
802,3,1,1,0,20,-3,-2,-2,29,-2,20.322401432901575,
804,3,1,1,0,16,-4,-1,-18,10,-18,16.522711641858304,
806,3,0,1,1,13,-4,0,-32,5,-32,13.601470508735444,
808,3,0,1,0,10,-4,0,-45,1,-45,10.770329614269007,
811,3,0,1,0,8,-3,0,-56,-2,-56,8.54400374531753,
813,3,0,1,0,6,-2,0,-64,-4,-64,6.324555320336759,
815,3,-1,2,0,5,0,-2,-68,-5,-68,5.385164807134504,
817,3,0,1,-1,4,2,-3,-68,-8,-68,5.385164807134504,
819,3,0,3,0,5,4,-4,-65,-10,-65,7.54983443527075,
821,3,1,2,-1,6,6,-5,-58,-9,-58,9.848857801796104,
823,3,0,2,0,7,6,-5,-47,-9,-47,10.488088481701515,
825,3,1,2,0,8,6,-4,-36,-10,-36,10.770329614269007,
827,3,0,2,-1,10,4,-3,-17,-14,-17,11.180339887498949,
829,3,1,2,0,10,2,-2,-5,-18,-5,10.392304845413264,
833,3,1,1,1,10,0,-1,3,-22,3,10.04987562112089,
835,3,0,1,0,9,0,0,11,-25,11,9.0,
837,3,0,1,0,9,-1,0,17,-29,17,9.055385138137417,
839,3,0,1,-1,8,-1,0,23,-33,23,8.06225774829855,
841,3,0,1,0,8,-1,-1,25,-34,25,8.12403840463596,
843,3,0,1,0,8,-1,-1,27,-34,27,8.12403840463596,
845,3,0,1,0,7,0,-2,28,-32,28,7.280109889280518,
847,3,0,1,0,7,0,-3,28,-29,28,7.615773105863909,
849,3,0,1,0,6,0,-4,27,-23,27,7.211102550927978,
851,3,0,1,0,6,0,-4,26,-18,26,7.211102550927978,
854,3,0,1,0,5,0,-4,24,-13,24,6.4031242374328485,
856,3,0,1,-1,5,0,-5,23,-7,23,7.0710678118654755,
858,3,0,1,0,5,0,-5,20,-1,20,7.0710678118654755,
860,3,-1,1,0,4,0,-5,15,9,15,6.4031242374328485,
862,3,-1,1,0,4,0,-6,9,18,9,7.211102550927978,
866,3,-1,1,-1,4,0,-6,3,26,3,7.211102550927978,
868,3,0,1,0,5,0,-5,-2,33,-2,7.0710678118654755,
870,3,0,1,0,5,0,-5,-8,43,-8,7.0710678118654755,
872,3,0,1,-1,6,0,-5,-11,48,-11,7.810249675906654,
874,3,0,1,0,6,0,-5,-13,53,-13,7.810249675906654,
876,3,0,1,0,7,0,-5,-14,57,-14,8.602325267042627,
878,3,1,1,0,7,0,-4,-14,59,-14,8.06225774829855,
880,3,0,1,0,8,0,-4,-13,61,-13,8.94427190999916,
882,3,0,2,0,8,0,-4,-11,61,-11,8.94427190999916,
884,3,0,2,0,9,0,-4,-9,60,-9,9.848857801796104,
886,3,0,1,-1,9,0,-4,-7,58,-7,9.848857801796104,
888,3,0,2,0,10,0,-3,-4,55,-4,10.44030650891055,
890,3,1,1,0,10,0,-3,0,50,0,10.44030650891055,
892,3,1,1,0,10,0,-3,4,46,4,10.44030650891055,
831,3,1,1,-1,10,0,-3,8,41,8,10.44030650891055,
899,3,0,1,0,10,0,-3,12,37,12,10.44030650891055,
901,3,0,1,0,10,0,-3,16,33,16,10.44030650891055,
903,3,1,1,-2,10,0,-3,22,28,22,10.44030650891055,
905,3,1,1,0,10,0,-3,26,25,26,10.44030650891055,
907,3,0,1,0,9,0,-3,30,23,30,9.486832980505138,
1087,3,0,1,0,9,0,-3,34,20,34,9.486832980505138,
1087,3,0,1,0,9,0,-3,37,19,37,9.486832980505138,
1169,3,0,1,0,8,-1,-3,41,17,41,8.602325267042627,
1171,3,0,1,0,8,-1,-3,43,17,43,8.602325267042627,
1173,3,1,1,0,8,-1,-3,44,17,44,8.602325267042627,
1175,3,1,1,0,8,-1,-3,44,18,44,8.602325267042627,
1177,3,0,1,0,8,-2,-3,43,18,43,8.774964387392123,
1179,3,1,1,0,8,-2,-3,42,19,42,8.774964387392123,
1343,3,1,1,0,8,-2,-2,41,19,41,8.48528137423857,
1441,3,1,1,0,8,-2,-2,39,19,39,8.48528137423857,
1443,3,0,1,0,8,-2,-2,38,19,38,8.48528137423857,
1445,3,0,1,0,8,-2,-2,36,19,36,8.48528137423857,
1447,3,0,1,0,7,-2,-1,34,20,34,7.3484692283495345,
1449,3,0,1,0,7,-2,-1,33,20,33,7.3484692283495345,
1452,3,0,1,0,7,-2,-1,32,20,32,7.3484692283495345,
1454,3,0,1,0,7,-2,-1,30,20,30,7.3484692283495345,
1456,3,0,1,0,7,-2,-1,29,20,29,7.3484692283495345,
1458,3,0,1,0,7,-2,0,26,20,26,7.280109889280518,
1460,3,0,1,0,7,-2,0,24,19,24,7.280109889280518,
1462,3,1,1,0,7,-2,0,22,19,22,7.280109889280518,
1464,3,0,0,1,7,-2,0,19,18,19,7.280109889280518,
1466,3,0,1,1,8,-2,0,17,17,17,8.246211251235321,
1468,3,0,1,0,8,-2,0,13,15,13,8.246211251235321,
1470,3,0,1,0,8,-2,0,12,14,12,8.246211251235321,
1474,3,0,1,0,8,-2,0,10,13,10,8.246211251235321,
1476,3,0,1,1,8,-2,0,8,13,8,8.246211251235321,
1478,3,0,1,0,7,-2,0,6,12,6,7.280109889280518,
1480,3,0,1,0,7,-2,0,3,11,3,7.280109889280518,
1482,3,0,1,1,7,-3,0,0,11,0,7.615773105863909,
1484,3,0,0,0,7,-3,0,-3,10,-3,7.615773105863909,
1486,3,0,1,0,7,-3,0,-7,10,-7,7.615773105863909,
1488,3,0,0,0,7,-3,0,-12,9,-12,7.615773105863909,
1490,3,0,0,0,7,-3,0,-15,9,-15,7.615773105863909,
1492,3,0,1,0,7,-3,0,-19,9,-19,7.615773105863909,
1495,3,0,1,0,7,-3,0,-23,9,-23,7.615773105863909,
1497,3,0,1,0,7,-3,0,-26,9,-26,7.615773105863909,
1499,3,0,1,0,7,-2,0,-31,10,-31,7.280109889280518,
1501,3,-1,0,0,7,-3,0,-33,11,-33,7.615773105863909,
1505,3,0,1,0,7,-3,0,-36,11,-36,7.615773105863909,
1507,3,0,0,1,6,-2,-1,-39,11,-39,6.4031242374328485,
1509,3,1,1,0,6,-2,-1,-42,12,-42,6.4031242374328485,
1511,3,0,1,0,6,-2,-1,-48,12,-48,6.4031242374328485,
1513,3,0,2,-1,6,-2,-1,-52,13,-52,6.4031242374328485,
1515,3,0,1,0,6,-1,-2,-55,15,-55,6.4031242374328485,
1517,3,0,2,-1,6,-1,-2,-59,17,-59,6.4031242374328485,
1519,3,0,1,0,6,-1,-2,-63,19,-63,6.4031242374328485,
1521,3,0,1,0,5,0,-3,-68,23,-68,5.830951894845301,
1523,3,0,1,0,5,0,-3,-71,26,-71,5.830951894845301,
1525,3,0,1,0,5,0,-3,-74,28,-74,5.830951894845301,
1527,3,0,2,0,5,0,-3,-76,31,-76,5.830951894845301,
1529,3,1,1,0,5,0,-3,-78,33,-78,5.830951894845301,
1531,3,0,2,0,5,1,-4,-78,39,-78,6.48074069840786,
1536,3,0,2,0,5,2,-4,-79,44,-79,6.708203932499369,
1538,3,0,2,0,5,2,-5,-80,50,-80,7.3484692283495345,
1540,3,0,2,0,5,3,-5,-81,57,-81,7.681145747868608,
1542,3,0,1,0,5,3,-4,-82,63,-82,7.0710678118654755,
1544,3,0,2,0,5,5,-4,-75,65,-75,8.12403840463596,
1546,3,-1,2,0,5,4,-5,-71,73,-71,8.12403840463596,
1548,3,0,2,-1,5,4,-7,-70,84,-70,9.486832980505138,
1550,3,0,2,0,5,4,-8,-71,95,-71,10.246950765959598,
1552,3,0,2,-1,5,5,-8,-72,104,-72,10.677078252031311,
1554,3,-1,2,-2,5,6,-8,-75,119,-75,11.180339887498949,
1556,3,0,2,-1,5,7,-9,-75,127,-75,12.449899597988733,
1558,3,-1,2,-1,5,7,-9,-75,127,-75,12.449899597988733,
1560,3,0,2,-1,6,6,-9,-75,127,-75,12.36931687685298,
1562,3,0,2,-1,6,7,-9,-73,127,-73,12.884098726725126,
1564,3,0,2,-1,6,8,-8,-68,127,-68,12.806248474865697,
1566,3,0,3,-2,7,9,-8,-62,127,-62,13.92838827718412,
1570,3,1,3,-1,8,9,-7,-53,127,-53,13.92838827718412,
1572,3,0,3,0,8,9,-7,-43,127,-43,13.92838827718412,
1574,3,0,3,-1,8,9,-8,-32,127,-32,14.45683229480096,
1576,3,1,3,-1,9,8,-8,-19,127,-19,14.45683229480096,
1579,3,0,3,-2,9,7,-8,-11,127,-11,13.92838827718412,
1581,3,0,3,-1,9,7,-8,-3,127,-3,13.92838827718412,
1583,3,0,3,-1,9,7,-8,4,123,4,13.92838827718412,
1585,3,0,3,-2,10,7,-8,11,116,11,14.594519519326424,
1587,3,0,3,-1,10,7,-8,21,104,21,14.594519519326424,
1589,3,0,3,-2,10,7,-7,27,95,27,14.071247279470288,
1591,3,1,3,-1,10,7,-7,34,86,34,14.071247279470288,
1593,3,0,3,-1,10,6,-7,40,78,40,13.601470508735444,
1595,3,0,3,-1,9,6,-7,46,68,46,12.884098726725126,
1597,3,0,2,-1,9,6,-7,56,56,56,12.884098726725126,
1597,3,0,2,-1,9,6,-7,56,56,56,12.884098726725126,
1603,3,1,2,-2,8,5,-6,68,39,68,11.180339887498949,
1605,3,1,2,0,8,4,-5,75,31,75,10.246950765959598,
1607,3,0,2,-1,8,4,-5,82,23,82,10.246950765959598,
1609,3,0,2,-1,8,3,-4,92,11,92,9.433981132056603,
1611,3,0,3,0,8,3,-4,98,4,98,9.433981132056603,
1613,3,0,1,0,7,3,-4,104,-2,104,8.602325267042627,
1615,3,0,2,0,7,2,-3,110,-9,110,7.874007874011811,
1617,3,0,1,-1,7,2,-3,116,-16,116,7.874007874011811,
1619,3,0,2,0,7,1,-2,124,-26,124,7.3484692283495345,
1622,3,0,1,0,7,0,-2,-128,-33,-128,7.280109889280518,
1624,3,0,1,0,7,0,-1,-128,-39,-128,7.0710678118654755,
1626,3,0,1,0,8,0,0,-128,-46,-128,8.0,
1628,3,1,1,0,8,-2,0,-128,-54,-128,8.246211251235321,
1630,3,0,1,0,8,-2,1,-128,-64,-128,8.306623862918075,
1632,3,0,1,0,9,-2,2,-128,-71,-128,9.433981132056603,
1636,3,1,1,1,8,-1,2,-128,-78,-128,8.306623862918075,
1638,3,0,1,1,8,-1,3,-128,-83,-128,8.602325267042627,
1640,3,0,1,1,8,-2,4,-128,-88,-128,9.16515138991168,
1642,3,0,0,1,9,-3,5,-128,-95,-128,10.723805294763608,
1644,3,0,0,1,8,-5,6,-128,-98,-128,11.180339887498949,
1646,3,1,-1,2,8,-6,7,-128,-100,-128,12.206555615733702,
1648,3,0,-1,2,8,-6,7,-128,-102,-128,12.206555615733702,
1650,3,-1,-1,2,8,-7,8,-128,-104,-128,13.30413469565007,
1652,3,0,0,2,8,-8,9,-128,-105,-128,14.45683229480096,
1654,3,0,0,2,8,-9,10,124,-104,124,15.652475842498529,
1656,3,0,-1,2,8,-10,10,116,-101,116,16.24807680927192,
1658,3,1,-1,2,8,-11,11,106,63,106,17.4928556845359,
1660,3,0,-1,3,8,-11,11,96,-95,96,17.4928556845359,
1662,3,0,-1,2,7,-12,12,82,-87,82,18.35755975068582,
1599,3,0,-1,3,6,-13,12,71,-82,71,18.681541692269406,
1669,3,0,-1,3,6,-14,12,59,-75,59,19.390719429665317,
1671,3,0,-1,3,5,-15,12,48,-67,48,19.849433241279208,
1673,3,-1,-1,3,4,-15,12,36,-59,36,19.621416870348583,
1675,3,-1,-2,2,4,-16,12,18,-46,18,20.396078054371138,
1855,3,-1,-2,2,3,-17,11,5,-38,5,20.46948949045872,
1855,3,0,-2,2,3,-17,11,-6,-30,-6,20.46948949045872,
1937,3,-1,-1,2,3,-17,10,-18,-23,-18,19.949937343260004,
1939,3,-1,-3,2,3,-17,10,-30,-18,-30,19.949937343260004,
1941,3,-1,-1,1,4,-17,9,-47,-12,-47,19.6468827043885,
1943,3,-1,-1,1,4,-16,9,-58,-10,-58,18.788294228055936,
1945,3,0,-2,2,4,-16,8,-69,-9,-69,18.33030277982336,
1947,3,0,-1,1,4,-16,8,-80,-9,-80,18.33030277982336,
2111,3,0,0,1,5,-15,8,-90,-11,-90,17.72004514666935,
2207,3,-1,-1,1,5,-14,7,-104,-14,-104,16.431676725154983,
2209,3,0,0,1,5,-14,7,63,-17,63,16.431676725154983,
2213,3,0,-1,1,5,-13,7,-121,-21,-121,15.588457268119896,
2215,3,0,0,1,5,-13,6,63,-25,63,15.165750888103101,
2217,3,-1,0,1,5,-12,6,63,-29,63,14.317821063276353,
2220,3,0,0,0,6,-11,6,63,-36,63,13.892443989449804,
2222,3,-1,0,2,6,-10,6,63,-41,63,13.114877048604,
2224,3,0,0,2,6,-9,6,63,-45,63,12.36931687685298,
2226,3,-1,0,2,6,-8,5,63,-49,63,11.180339887498949,
2228,3,0,0,0,6,-8,5,63,-53,63,11.180339887498949,
2230,3,0,0,1,6,-7,5,63,-58,63,10.488088481701515,
2232,3,0,0,1,5,-6,4,63,-61,63,8.774964387392123,
2234,3,-1,0,0,5,-6,4,63,-62,63,8.774964387392123,
2236,3,0,0,1,5,-5,3,63,-63,63,7.681145747868608,
2238,3,0,1,1,5,-4,3,63,-63,63,7.0710678118654755,
2240,3,-1,0,1,5,-3,2,63,-61,63,6.164414002968976,
2244,3,-1,1,1,5,-3,2,63,-60,63,6.164414002968976,
2246,3,0,1,1,5,-2,2,63,-57,63,5.744562646538029,
2248,3,0,1,1,4,-1,1,63,-54,63,4.242640687119285,
2250,3,0,1,0,4,0,1,63,-48,63,4.123105625617661,
2252,3,-1,1,1,4,0,1,63,-43,63,4.123105625617661,
2254,3,0,1,0,4,0,0,63,-38,63,4.0,
2256,3,0,1,0,4,1,1,63,-33,63,4.242640687119285,
2258,3,0,1,0,4,1,1,63,-29,63,4.242640687119285,
2260,3,-1,1,1,4,4,0,63,-19,63,5.656854249492381,
2263,3,0,2,0,4,5,0,63,-12,63,6.4031242374328485,
2265,3,0,2,0,4,6,0,63,-4,63,7.211102550927978,
2267,3,0,2,0,4,7,0,63,3,63,8.06225774829855,
2269,3,0,2,0,5,8,-1,63,10,63,9.486832980505138,
2271,3,0,3,0,4,9,-3,63,25,63,10.295630140987,
2275,3,-1,3,0,5,10,-3,63,34,63,11.575836902790225,
2277,3,-1,2,-1,5,11,-5,63,45,63,13.076696830622021,
2279,3,0,3,-1,5,12,-6,63,56,63,14.317821063276353,
2281,3,0,4,0,6,12,-7,63,65,63,15.132745950421556,
2283,3,0,3,-1,6,14,-8,63,76,63,17.204650534085253,
2285,3,0,3,-1,7,14,-8,63,82,63,17.578395831246947,
2287,3,1,4,-1,8,15,-9,63,86,63,19.235384061671343,
2289,3,0,4,-1,8,16,-10,63,89,63,20.493901531919196,
2291,3,1,3,-2,9,16,-10,63,89,63,20.904544960366874,
2293,3,1,5,-2,10,18,-12,63,91,63,23.83275057562597,
2295,3,1,4,-2,10,17,-12,63,91,63,23.08679276123039,
2297,3,1,4,-2,11,17,-13,63,91,63,24.06241883103193,
2299,3,1,4,-2,13,17,-13,63,86,63,25.03996805109783,
2301,3,1,5,-2,14,18,-14,63,78,63,26.758176320519304,
2304,3,1,5,-3,14,19,-15,63,68,63,27.964262908219126,
2306,3,1,4,-2,14,20,-14,63,59,63,28.142494558940577,
2310,3,2,4,-3,15,20,-15,63,48,63,29.154759474226502,
2312,3,1,5,-3,14,19,-15,-107,37,-107,27.964262908219126,
2314,3,1,4,-3,14,19,-15,-86,29,-86,27.964262908219126,
2316,3,1,4,-2,13,19,-15,-58,14,-58,27.477263328068172,
2318,3,1,5,-2,13,19,-15,-39,5,-39,27.477263328068172,
2320,3,1,5,-2,13,20,-15,-19,-1,-19,28.178005607210743,
2322,3,1,5,-2,12,20,-15,2,-7,2,27.730849247724095,
2324,3,0,4,-2,11,19,-15,23,-12,23,26.589471600616662,
2326,3,1,4,-2,10,18,-14,55,-17,55,24.899799195977465,
2328,3,1,3,-3,9,17,-13,75,-19,75,23.2163735324878,
2330,3,0,4,-2,8,16,-13,94,-21,94,22.11334438749598,
2332,3,0,3,-1,8,15,-12,112,-21,112,20.808652046684813,
2334,3,0,3,-2,7,14,-11,-128,-21,-128,19.131126469708992,
2336,3,0,2,-2,6,12,-11,-128,-20,-128,17.349351572897472,
2338,3,0,3,-2,6,11,-10,-128,-18,-128,16.0312195418814,
2342,3,0,2,-2,5,10,-9,-128,-16,-128,14.352700094407323,
2344,3,0,2,0,5,9,-8,-128,-14,-128,13.038404810405298,
2347,3,-1,2,-1,5,7,-7,-128,-14,-128,11.090536506409418,
2349,3,-1,2,-1,4,6,-7,-128,-9,-128,10.04987562112089,
2351,3,-1,1,-1,3,5,-7,-128,-6,-128,9.1104335791443,
2353,3,-1,1,-1,3,5,-6,-128,-3,-128,8.366600265340756,
2355,3,-1,2,0,3,4,-5,-128,0,-128,7.0710678118654755,
2357,3,0,1,0,3,2,-4,-128,1,-128,5.385164807134504,
2359,3,0,1,0,3,1,-2,-128,1,-128,3.7416573867739413,
2361,3,0,1,0,3,1,-2,-128,2,-128,3.7416573867739413,
2363,3,0,1,0,4,0,0,-128,2,-128,4.0,
2365,3,0,1,0,4,0,0,-128,2,-128,4.0,
2365,3,0,1,0,4,0,0,-128,2,-128,4.0,
2369,3,0,1,2,6,-2,5,-128,-7,-128,8.06225774829855,
2371,3,0,0,2,6,-4,8,-128,-12,-128,10.770329614269007,
2375,3,0,0,2,7,-6,12,-128,-18,-128,15.132745950421556,
2377,3,1,0,3,8,-7,16,-128,-29,-128,19.209372712298546,
2379,3,1,0,4,9,-7,18,-128,-39,-128,21.307275752662516,
2381,3,1,-2,4,9,-10,20,-128,-50,-128,24.1039415863879,
2383,3,0,-1,4,9,-13,21,-128,-54,-128,26.28687885618983,
2385,3,0,-2,5,9,-15,23,-128,-56,-128,28.89636655359978,
2387,3,0,-3,4,8,-17,25,-128,-56,-128,31.272991542223778,
2390,3,0,-2,5,6,-19,24,-128,-53,-128,31.192947920964443,
2392,3,-1,-2,5,4,-22,24,120,-43,120,32.802438933713454,
2394,3,-1,-3,4,2,-23,22,105,-33,105,31.89043743820395,
2396,3,-1,-3,3,0,-26,20,85,-19,85,32.802438933713454,
2398,3,-1,-4,3,0,-27,17,63,-4,63,31.906112267087632,
2400,3,-1,-3,2,0,-28,15,43,7,43,31.76476034853718,
2402,3,0,-3,2,1,-29,11,5,26,5,31.0322412983658,
2404,3,0,-3,2,3,-30,10,-16,30,-16,31.76476034853718,
2408,3,0,-4,1,4,-30,9,-42,29,-42,31.575306807693888,
2410,3,-1,-3,1,6,-29,9,-68,23,-68,30.95157508108432,
2412,3,0,-2,0,6,-28,9,-92,10,-92,30.01666203960727,
2414,3,0,-2,0,7,-25,9,-124,-15,-124,27.477263328068172,
2416,3,0,-2,1,6,-23,9,63,-36,63,25.41653005427767,
2418,3,-1,-2,1,6,-21,9,63,-55,63,23.62202362203543,
2420,3,-1,-2,1,5,-20,9,63,-73,63,22.494443758403985,
2422,3,0,-1,1,4,-19,8,63,-89,63,21.0,
2424,3,-1,-1,1,2,-17,8,63,-106,63,18.894443627691185,
2426,3,-1,-1,1,2,-16,7,63,63,63,17.578395831246947,
2428,3,-1,-1,1,1,-15,7,63,-117,63,16.583123951777,
2430,3,-1,-1,2,1,-14,6,63,-117,63,15.264337522473747,
2367,3,0,-1,1,0,-12,5,63,-114,63,13.0,
2435,3,-1,0,1,0,-11,5,63,-108,63,12.083045973594572,
2439,3,-1,1,1,0,-10,4,63,-102,63,10.770329614269007,
2441,3,-1,0,1,0,-9,4,63,-95,63,9.848857801796104,
2443,3,-1,0,1,0,-8,4,63,-87,63,8.94427190999916,
2623,3,-1,1,1,1,-7,3,63,-76,63,7.681145747868608,
2623,3,-1,0,1,1,-6,3,63,-69,63,6.782329983125268,
2705,3,-1,0,1,1,-5,2,63,-61,63,5.477225575051661,
2707,3,-1,0,1,2,-4,2,63,-55,63,4.898979485566356,
2709,3,-1,1,0,2,-3,2,63,-48,63,4.123105625617661,
2711,3,-1,1,1,3,-2,2,63,-39,63,4.123105625617661,
2713,3,-1,0,0,3,-1,1,63,-32,63,3.3166247903554,
2715,3,-1,1,1,3,0,1,63,-26,63,3.1622776601683795,
2879,3,-1,1,1,3,0,1,63,-19,63,3.1622776601683795,
2975,3,0,2,1,4,0,2,63,-15,63,4.47213595499958,
2977,3,0,2,0,4,3,2,63,-11,63,5.385164807134504,
2979,3,-1,2,0,4,5,1,63,-6,63,6.48074069840786,
2983,3,0,2,1,4,7,0,63,0,63,8.06225774829855,
2985,3,0,3,0,4,8,0,63,6,63,8.94427190999916,
2988,3,-1,3,0,4,10,-1,63,14,63,10.816653826391969,
2990,3,0,3,0,4,12,-2,63,24,63,12.806248474865697,
2992,3,-1,3,0,5,13,-3,63,31,63,14.247806848775006,
2994,3,-1,3,0,5,14,-3,63,39,63,15.165750888103101,
2996,3,0,3,0,6,15,-3,63,45,63,16.431676725154983,
2998,3,1,3,0,7,17,-4,63,50,63,18.81488772222678,
3000,3,0,4,-1,8,18,-5,63,58,63,20.322401432901575,
3002,3,0,4,-1,9,19,-7,63,63,63,22.15851980616034,
3004,3,0,5,-2,10,21,-7,63,67,63,24.289915602982237,
3006,3,1,5,-2,10,22,-9,63,71,63,25.787593916455254,
3008,3,1,5,-2,11,23,-11,63,74,63,27.76688675382964,
3010,3,1,5,-2,11,26,-13,63,79,63,31.080540535840107,
3012,3,1,5,-2,12,26,-14,63,80,63,31.874754901018456,
3016,3,1,5,-3,12,26,-15,63,79,63,32.32645975048923,
3018,3,1,5,-3,13,27,-16,63,76,63,33.97057550292606,
3020,3,1,5,-3,13,28,-18,-114,72,-114,35.73513677041127,
3022,3,1,6,-3,14,27,-19,-80,62,-80,35.86084215408221,
3024,3,1,5,-3,14,26,-18,-62,54,-62,34.583232931581165,
3026,3,1,5,-3,15,25,-18,-47,42,-47,34.26368339802363,
3028,3,1,6,-3,15,25,-18,-32,29,-32,34.26368339802363,
3031,3,1,5,-3,15,25,-18,-15,18,-15,34.26368339802363,
3033,3,1,6,-2,14,25,-17,12,4,12,33.31666249791537,
3035,3,1,5,-2,14,25,-17,32,-2,32,33.31666249791537,
3037,3,1,5,-2,13,23,-17,54,-5,54,31.416556144810016,
3039,3,1,5,-2,12,23,-14,77,-7,77,29.478805945967352,
3041,3,0,5,-1,10,23,-13,99,-10,99,28.24889378365107,
3043,3,0,4,-1,9,20,-13,-128,-10,-128,25.495097567963924,
3045,3,0,4,-2,8,19,-12,-128,-8,-128,23.853720883753127,
3049,3,0,4,-1,7,18,-11,-128,-6,-128,22.22611077089287,
3051,3,0,3,-1,6,16,-10,-128,-4,-128,19.79898987322333,
3053,3,0,3,-1,6,15,-10,-128,-2,-128,19.0,
3055,3,0,3,0,6,13,-8,-128,0,-128,16.401219466856727,
3057,3,0,3,-1,6,12,-7,-128,3,-128,15.132745950421556,
3059,3,0,3,0,6,10,-6,-128,4,-128,13.114877048604,
3061,3,-1,2,0,6,9,-6,-128,5,-128,12.36931687685298,
3063,3,0,2,0,6,8,-5,-128,6,-128,11.180339887498949,
3065,3,0,2,0,6,7,-4,-128,6,-128,10.04987562112089,
3067,3,0,2,0,6,6,-3,-128,5,-128,9.0,
3069,3,0,2,0,6,5,-2,-128,3,-128,8.06225774829855,
3072,3,0,1,0,6,4,-1,-128,0,-128,7.280109889280518,
3074,3,0,1,1,7,3,0,-128,-6,-128,7.615773105863909,
3076,3,-1,1,1,7,2,1,-128,-16,-128,7.3484692283495345,
3078,3,0,1,1,7,1,1,-128,-21,-128,7.14142842854285,
3082,3,0,0,1,7,0,3,-128,-26,-128,7.615773105863909,
3084,3,0,0,2,7,0,5,-128,-32,-128,8.602325267042627,
3086,3,0,0,2,8,-1,7,-128,-41,-128,10.677078252031311,
3088,3,1,-1,2,11,-5,13,-128,-66,-128,17.74823934929885,
3090,3,0,0,2,10,-7,15,-128,-84,-128,19.339079605813716,
3092,3,0,0,2,10,-7,16,-128,63,-128,20.12461179749811,
3094,3,0,-1,4,10,-8,18,-128,63,-128,22.090722034374522,
3096,3,1,0,3,10,-9,20,-128,-128,-128,24.1039415863879,
3098,3,1,-1,4,9,-12,22,-128,-128,-128,26.627053911388696,
3100,3,0,-1,5,9,-14,24,-128,-128,-128,29.206163733020468,
3102,3,-1,-1,5,7,-17,25,-128,-128,-128,31.0322412983658,
3104,3,0,-2,6,5,-19,26,-128,-128,-128,32.58834147360065,
3106,3,-1,-2,5,3,-22,26,-128,-122,-128,34.19064199455752,
3108,3,-2,-3,5,1,-25,26,-128,-101,-128,36.08323710533743,
3110,3,-2,-4,4,-2,-28,22,-128,-81,-128,35.66510900025401,
3115,3,-2,-4,5,-6,-30,19,-128,-46,-128,36.013886210738214,
3117,3,-2,-4,4,-7,-32,17,104,-10,104,36.90528417449187,
3119,3,-2,-5,3,-8,-34,14,78,22,78,37.62977544445356,
3121,3,-1,-5,2,-6,-35,12,34,64,34,37.48332962798263,
3123,3,-1,-4,2,-3,-34,12,8,77,8,36.180105030251084,
3125,3,-1,-4,1,0,-35,10,-18,81,-18,36.40054944640259,
3127,3,0,-4,1,2,-35,10,-48,77,-48,36.45545226711637,
3129,3,0,-4,1,4,-34,10,-79,64,-79,35.66510900025401,
3131,3,0,-3,0,6,-31,10,-118,32,-118,33.12099032335839,
3133,3,-1,-3,1,5,-29,10,63,5,63,31.080540535840107,
3133,3,-1,-3,1,5,-29,10,63,5,63,31.080540535840107,
3137,3,-1,-3,0,3,-25,9,63,-43,63,26.739483914241877,
3139,3,-1,-2,1,2,-23,8,63,-64,63,24.43358344574123,
3141,3,-1,-2,1,1,-21,8,63,-88,63,22.494443758403985,
3143,3,-1,-2,1,0,-19,8,63,-100,63,20.615528128088304,
3147,3,-1,-1,1,0,-18,8,63,-108,63,19.697715603592208,
3149,3,-1,-1,1,0,-17,7,63,-111,63,18.384776310850235,
3151,3,-1,0,2,0,-15,7,63,-111,63,16.55294535724685,
3153,3,-2,-1,2,0,-14,7,63,-103,63,15.652475842498529,
3155,3,-2,-1,2,0,-12,6,63,-94,63,13.416407864998739,
3158,3,-1,0,2,0,-11,5,63,-83,63,12.083045973594572,
3160,3,-1,-1,2,0,-9,5,63,-70,63,10.295630140987,
3162,3,-1,0,1,0,-7,4,63,-57,63,8.06225774829855,
3164,3,-1,1,1,0,-4,4,63,-35,63,5.656854249492381,
3166,3,-1,2,2,0,-3,3,63,-21,63,4.242640687119285,
3168,3,-1,2,2,1,-1,3,63,-8,63,3.3166247903554,
3170,3,-1,1,2,1,0,3,63,3,63,3.1622776601683795,
3172,3,-1,1,1,2,0,4,63,13,63,4.47213595499958,
3174,3,-1,1,1,2,2,4,63,25,63,4.898979485566356,
3178,3,0,2,2,3,3,4,63,31,63,5.830951894845301,
3180,3,-1,2,2,3,4,5,63,36,63,7.0710678118654755,
3182,3,0,3,1,4,6,5,63,37,63,8.774964387392123,
3184,3,0,2,1,6,9,6,63,36,63,12.36931687685298,
3186,3,0,3,1,5,11,4,63,37,63,12.727922061357855,
3188,3,-1,3,1,5,13,3,63,42,63,14.247806848775006,
3190,3,0,5,0,5,15,1,63,47,63,15.84297951775486,
3192,3,-1,4,0,5,17,-1,63,57,63,17.74823934929885,
3194,3,0,4,0,6,19,-2,63,72,63,20.024984394500787,
3196,3,0,4,0,7,20,-3,63,79,63,21.400934559032695,
3198,3,1,4,-1,9,21,-5,63,85,63,23.388031127053,
3135,3,0,5,-1,10,22,-6,63,89,63,24.899799195977465,
3203,3,0,5,-1,10,23,-8,63,93,63,26.324893162176366,
3205,3,1,5,-1,11,25,-10,63,96,63,29.086079144497972,
3209,3,1,5,-2,12,26,-12,63,99,63,31.04834939252005,
3211,3,1,5,-2,12,26,-14,63,100,63,31.874754901018456,
3391,3,1,6,-2,13,27,-15,63,100,63,33.51119216023208,
3391,3,1,6,-3,13,28,-17,63,98,63,35.24202037341219,
3473,3,1,6,-3,14,29,-19,-116,95,-116,37.389838191679836,
3475,3,1,5,-3,14,29,-19,-96,92,-96,37.389838191679836,
3477,3,1,6,-3,15,29,-20,-76,87,-76,38.28837943815329,
3479,3,2,6,-3,15,29,-20,-56,82,-56,38.28837943815329,
3481,3,1,5,-3,14,27,-20,-37,79,-37,36.40054944640259,
3483,3,2,5,-4,16,28,-19,-12,67,-12,37.429934544425805,
3647,3,1,5,-2,16,28,-20,2,59,2,37.94733192202055,
3743,3,1,5,-3,16,26,-18,16,48,16,35.4400902933387,
3745,3,1,5,-3,14,25,-18,30,40,30,33.83784863137726,
3747,3,1,5,-2,14,23,-17,43,31,43,31.843366656181317,
3749,3,1,4,-2,13,22,-15,63,22,63,29.631064780058107,
3751,3,1,5,-2,12,22,-14,77,19,77,28.705400188814647,
3756,3,0,4,-2,11,22,-13,91,17,91,27.820855486487112,
3758,3,1,4,-2,8,22,-13,106,19,106,26.77685567799177,
3760,3,0,3,-1,7,20,-12,119,23,119,24.351591323771842,
3762,3,0,3,-1,6,17,-11,-128,29,-128,21.118712081942874,
3764,3,0,4,0,6,16,-9,-128,33,-128,19.313207915827967,
3766,3,0,3,-1,5,14,-8,-128,37,-128,16.881943016134134,
3768,3,0,3,0,6,13,-7,-128,39,-128,15.937377450509228,
3770,3,0,3,-1,6,11,-5,-128,41,-128,13.490737563232042,
3772,3,0,3,0,7,9,-4,-128,41,-128,12.083045973594572,
3774,3,1,2,0,7,8,-3,-128,40,-128,11.045361017187261,
3776,3,1,2,0,7,8,-2,-128,38,-128,10.816653826391969,
3778,3,0,3,1,8,8,0,-128,33,-128,11.313708498984761,
3780,3,0,2,0,8,8,0,-128,26,-128,11.313708498984761,
3782,3,0,1,0,8,6,1,-128,17,-128,10.04987562112089,
3784,3,0,2,1,8,4,2,-128,10,-128,9.16515138991168,
3788,3,0,1,1,8,3,2,-128,4,-128,8.774964387392123,
3790,3,1,2,1,8,3,2,-128,0,-128,8.774964387392123,
3792,3,0,1,1,8,2,4,-128,-7,-128,9.16515138991168,
3794,3,0,1,1,9,2,5,-128,-22,-128,10.488088481701515,
3796,3,0,1,1,9,0,7,-128,-30,-128,11.40175425099138,
3799,3,0,0,2,10,0,8,-128,-38,-128,12.806248474865697,
3801,3,0,0,2,10,-2,10,-128,-48,-128,14.2828568570857,
3803,3,0,-1,2,10,-5,11,-128,-56,-128,15.684387141358123,
3805,3,0,-1,2,10,-7,14,-128,-69,-128,18.57417562100671,
3807,3,1,-1,2,9,-8,15,-128,-76,-128,19.235384061671343,
3809,3,0,-1,2,9,-10,16,-128,-81,-128,20.904544960366874,
3811,3,-1,-2,3,7,-11,16,-128,-83,-128,20.639767440550294,
3813,3,-1,-2,4,5,-14,16,-128,-75,-128,21.840329667841555,
3815,3,0,-2,4,4,-17,18,-128,-63,-128,25.079872407968907,
3817,3,-1,-2,5,4,-18,22,-128,-59,-128,28.705400188814647,
3821,3,-1,-2,5,3,-19,24,-128,-58,-128,30.757112998459398,
3823,3,-1,-3,5,2,-21,23,-128,-48,-128,31.20897306865447,
3825,3,-1,-2,4,0,-23,23,-128,-37,-128,32.526911934581186,
3827,3,-2,-2,4,-1,-23,26,110,-33,110,34.72751070837067,
3829,3,-2,-2,4,-3,-23,24,102,-30,102,33.37663853655727,
3831,3,-2,-2,4,-5,-22,22,97,-24,97,31.51190251317746,
3833,3,-2,-2,2,-6,-22,20,94,-20,94,30.331501776206203,
3835,3,-2,-1,2,-7,-23,17,89,-12,89,29.444863728670914,
3837,3,-3,-2,2,-8,-26,11,69,0,69,29.34280150224242,
3840,3,-2,-3,1,-8,-30,7,47,9,47,31.827660925679098,
3842,3,-2,-4,1,-7,-34,4,16,25,16,34.942810419312295,
3844,3,-2,-4,0,-6,-37,3,-19,38,-19,37.603191353926334,
3846,3,-1,-3,0,-5,-36,4,-51,41,-51,36.565010597564445,
3848,3,-1,-4,0,-3,-33,5,-87,26,-87,33.51119216023208,
3850,3,-2,-3,1,-2,-30,5,-103,9,-103,30.479501308256342,
3854,3,-2,-3,0,-2,-27,5,63,-9,63,27.53179979587241,
3856,3,-2,-2,0,-2,-25,6,63,-28,63,25.787593916455254,
3858,3,-2,-2,1,-2,-23,6,63,-45,63,23.853720883753127,
3860,3,-2,-2,1,-2,-22,7,63,-66,63,23.173260452512935,
3862,3,-1,-1,1,-2,-20,7,63,-77,63,21.283796653792763,
3864,3,-1,-2,2,-3,-20,7,63,-85,63,21.400934559032695,
3866,3,-2,-2,1,-3,-19,6,63,-89,63,20.149441679609886,
3868,3,-2,-1,1,-3,-18,6,63,-90,63,19.209372712298546,
3870,3,-2,-1,1,-4,-15,5,63,-86,63,16.30950643030009,
3872,3,-1,0,1,-4,-13,4,63,-78,63,14.177446878757825,
3874,3,-2,-1,2,-4,-11,4,63,-68,63,12.36931687685298,
3876,3,-2,0,2,-4,-10,4,63,-56,63,11.489125293076057,
3878,3,-1,1,1,-3,-8,4,63,-44,63,9.433981132056603,
3880,3,-1,1,1,-2,-4,4,63,-25,63,6.0,
3885,3,0,1,2,-1,-2,4,63,-13,63,4.58257569495584,
3887,3,-1,1,2,0,-1,5,63,-3,63,5.0990195135927845,
3889,3,0,1,2,0,0,4,63,6,63,4.0,
3891,3,-1,1,1,1,2,3,63,19,63,3.7416573867739413,
3893,3,-1,3,1,1,4,2,63,28,63,4.58257569495584,
3895,3,-1,3,1,1,6,2,63,35,63,6.4031242374328485,
3897,3,-1,3,0,2,8,2,63,40,63,8.48528137423857,
3899,3,-1,3,0,2,11,1,63,44,63,11.224972160321824,
3901,3,-1,3,0,2,13,0,63,52,63,13.152946437965905,
3901,3,-1,3,0,2,13,0,63,52,63,13.152946437965905,
3905,3,0,4,0,3,17,0,63,61,63,17.26267650163207,
3907,3,-1,4,0,4,18,-1,63,67,63,18.466185312619388,
3909,3,0,5,-1,5,19,-2,63,72,63,19.748417658131498,
3911,3,1,5,0,6,20,-6,63,78,63,21.72556098240043,
3915,3,0,5,-2,7,20,-7,63,82,63,22.315913604421397,
3917,3,0,5,-2,8,20,-10,63,84,63,23.748684174075834,
3919,3,0,5,-2,9,21,-11,63,84,63,25.357444666211933,
3921,3,1,5,-3,9,22,-13,63,80,63,27.09243436828813,
3923,3,0,5,-2,10,23,-15,63,74,63,29.223278392404914,
3926,3,1,5,-3,10,24,-16,63,68,63,30.528675044947494,
3928,3,1,5,-3,11,25,-17,63,60,63,32.17141588429082,
3930,3,1,5,-3,11,26,-18,-125,53,-125,33.481338085566414,
3932,3,1,6,-3,11,27,-18,-108,45,-108,34.26368339802363,
3934,3,0,6,-2,11,28,-20,-79,34,-79,36.124783736376884,
3936,3,1,6,-4,11,28,-21,-59,32,-59,36.68787265568828,
3938,3,0,5,-3,10,29,-21,-39,29,-39,37.17526059088221,
3940,3,0,5,-3,10,29,-21,-20,28,-20,37.17526059088221,
3942,3,0,6,-3,9,28,-20,0,28,0,35.566838487557476,
3944,3,1,6,-2,8,27,-19,28,30,28,33.97057550292606,
3946,3,0,5,-2,8,27,-19,47,33,47,33.97057550292606,
3950,3,0,5,-2,8,26,-17,66,37,66,32.07802986469088,
3952,3,1,5,-2,8,25,-16,84,40,84,30.740852297878796,
3954,3,0,4,-2,8,24,-15,101,45,101,29.410882339705484,
3956,3,-1,5,-1,7,22,-13,124,53,124,26.49528259898354,
3958,3,0,4,-2,7,21,-12,-128,59,-128,25.179356624028344,
3960,3,1,4,-1,7,20,-12,-128,64,-128,24.351591323771842,
3962,3,0,4,-1,7,19,-10,-128,69,-128,22.58317958127243,
3964,3,0,4,-1,6,18,-9,-128,73,-128,21.0,
3966,3,0,3,-1,6,17,-8,-128,79,-128,19.72308292331602,
3903,3,0,4,-1,6,16,-7,-128,84,-128,18.466185312619388,
3971,3,0,3,0,6,15,-6,-128,88,-128,17.233687939614086,
3973,3,0,3,0,7,14,-4,-128,90,-128,16.15549442140351,
3975,3,0,3,0,8,12,-3,-128,87,-128,14.730919862656235,
3977,3,0,2,0,9,11,-1,-128,84,-128,14.247806848775006,
3979,3,0,2,0,9,10,-1,-128,80,-128,13.490737563232042,
4159,3,0,2,0,9,9,0,-128,77,-128,12.727922061357855,
4241,3,1,3,1,8,8,0,-128,73,-128,11.313708498984761,
4243,3,0,1,0,9,7,0,-128,69,-128,11.40175425099138,
4245,3,0,1,1,9,6,3,-128,61,-128,11.224972160321824,
4247,3,1,1,1,9,4,4,-128,54,-128,10.63014581273465,
4249,3,0,0,1,8,2,5,-128,46,-128,9.643650760992955,
4251,3,0,1,1,9,1,7,-128,38,-128,11.445523142259598,
4415,3,0,1,1,9,0,8,-128,29,-128,12.041594578792296,
4511,3,1,1,2,9,-1,9,-128,14,-128,12.767145334803704,
4513,3,0,0,2,9,-2,11,-128,6,-128,14.352700094407323,
4515,3,0,0,2,9,-4,12,-128,1,-128,15.524174696260024,
4517,3,1,-1,2,8,-7,14,-128,-5,-128,17.578395831246947,
4519,3,0,-1,3,8,-8,15,-128,-9,-128,18.788294228055936,
4521,3,0,-1,4,10,-10,19,-128,-11,-128,23.68543856465402,
4524,3,1,-1,3,10,-12,20,-128,-13,-128,25.37715508089904,
4528,3,0,-1,4,9,-14,21,-128,-12,-128,26.795522013948524,
4530,3,0,-1,4,9,-15,23,-128,-13,-128,28.89636655359978,
4532,3,0,-2,4,8,-17,24,-128,-13,-128,30.479501308256342,
4534,3,0,-2,4,6,-21,25,115,-9,115,33.19638534539566,
4536,3,0,-2,4,4,-23,24,100,-4,100,33.481338085566414,
4538,3,-1,-1,3,2,-24,22,87,3,87,32.61901286060018,
4540,3,-1,-2,3,2,-25,21,76,7,76,32.71085446759225,
4542,3,-1,-2,3,2,-26,19,65,9,65,32.264531609803356,
4544,3,-1,-3,3,1,-27,14,41,10,41,30.430248109405877,
4546,3,-1,-2,1,2,-27,12,21,8,21,29.614185789921695,
4548,3,-1,-3,1,2,-28,8,-1,8,-1,29.189039038652847,
4550,3,-1,-3,1,2,-28,6,-27,6,-27,28.705400188814647,
4552,3,0,-3,1,2,-28,6,-50,0,-50,28.705400188814647,
4554,3,-1,-3,1,3,-26,6,-78,-17,-78,26.851443164195103,
4556,3,0,-2,0,3,-24,6,-94,-32,-94,24.919871588754223,
4560,3,0,-2,1,4,-22,7,-106,-47,-106,23.430749027719962,
4562,3,-1,-2,1,3,-21,6,-120,-58,-120,22.045407685048602,
4564,3,-1,-2,2,3,-20,6,63,-68,63,21.095023109728988,
4567,3,0,-1,1,3,-18,7,63,-80,63,19.544820285692065,
4569,3,0,-1,1,3,-16,7,63,-85,63,17.72004514666935,
4571,3,0,0,1,3,-14,7,63,-88,63,15.937377450509228,
4573,3,-1,-1,2,3,-13,7,63,-88,63,15.066519173319364,
4575,3,-1,0,2,3,-11,6,63,-86,63,12.884098726725126,
4577,3,0,0,1,3,-9,6,63,-79,63,11.224972160321824,
4579,3,0,-1,2,3,-8,6,63,-75,63,10.44030650891055,
4581,3,-1,1,1,3,-6,5,63,-70,63,8.366600265340756,
4583,3,0,0,2,4,-5,5,63,-65,63,8.12403840463596,
4585,3,0,1,1,4,-4,5,63,-60,63,7.54983443527075,
4587,3,0,1,1,5,-2,4,63,-51,63,6.708203932499369,
4591,3,0,1,1,5,-1,4,63,-44,63,6.48074069840786,
4593,3,0,1,2,6,0,3,63,-37,63,6.708203932499369,
4595,3,0,1,2,6,1,3,63,-30,63,6.782329983125268,
4597,3,1,2,1,7,3,2,63,-18,63,7.874007874011811,
4599,3,0,2,1,7,5,2,63,-11,63,8.831760866327848,
4601,3,1,2,0,7,6,2,63,-5,63,9.433981132056603,
4603,3,0,2,0,8,8,2,63,0,63,11.489125293076057,
4605,3,1,3,0,8,9,1,63,6,63,12.083045973594572,
4608,3,0,3,0,8,11,0,63,15,63,13.601470508735444,
4610,3,0,3,1,8,13,0,63,20,63,15.264337522473747,
4612,3,0,3,0,8,15,0,63,24,63,17.0,
4614,3,-1,4,0,9,16,0,63,27,63,18.35755975068582,
4616,3,0,4,0,9,18,0,63,30,63,20.12461179749811,
4618,3,0,5,0,10,19,-2,63,31,63,21.563858652847824,
4622,3,1,5,0,10,20,-2,63,32,63,22.44994432064365,
4624,3,1,5,-1,11,21,-2,63,29,63,23.790754506740637,
4626,3,0,5,0,12,23,-3,63,26,63,26.115129714401192,
4628,3,0,5,-1,12,24,-5,63,24,63,27.294688127912362,
4630,3,0,5,-1,12,25,-8,63,24,63,28.861739379323623,
4632,3,1,5,-2,12,26,-9,63,25,63,30.01666203960727,
4634,3,1,6,-1,12,27,-10,63,24,63,31.192947920964443,
4636,3,1,5,-2,12,27,-11,63,24,63,31.52776554086889,
4638,3,1,5,-2,12,28,-12,63,24,63,32.7414110874898,
4640,3,1,5,-2,12,28,-13,-111,22,-111,33.12099032335839,
4642,3,1,5,-2,12,28,-14,-92,22,-92,33.52610922848042,
4644,3,1,6,-2,12,28,-15,-73,21,-73,33.95585369269929,
4646,3,1,5,-2,12,28,-15,-54,20,-54,33.95585369269929,
4648,3,1,5,-2,11,28,-16,-35,19,-35,34.07345007480164,
4651,3,0,6,-3,11,27,-16,-6,19,-6,33.25657829663178,
4655,3,1,5,-2,10,27,-16,12,18,12,32.93933818400121,
4657,3,0,5,-2,10,26,-16,32,18,32,32.12475680841802,
4659,3,1,5,-1,9,25,-15,50,19,50,30.512292604784715,
4661,3,0,5,-2,9,24,-15,69,21,69,29.698484809834994,
4663,3,0,4,-1,8,23,-14,95,25,95,28.089143810376278,
4665,3,0,5,-2,7,22,-12,112,28,112,26.019223662515376,
4667,3,0,4,-1,7,20,-11,-128,31,-128,23.874672772626646,
4669,3,0,4,-1,7,19,-10,-128,34,-128,22.58317958127243,
4669,3,0,4,-1,7,19,-10,-128,34,-128,22.58317958127243,
4673,3,0,4,-1,6,16,-8,-128,41,-128,18.867962264113206,
4675,3,0,3,-1,6,15,-7,-128,43,-128,17.60681686165901,
4677,3,0,3,0,5,14,-5,-128,44,-128,15.684387141358123,
4679,3,0,4,0,5,12,-5,-128,45,-128,13.92838827718412,
4681,3,-1,3,0,5,11,-4,-128,47,-128,12.727922061357855,
4683,3,0,3,-1,5,10,-3,-128,49,-128,11.575836902790225,
4685,3,0,2,0,5,9,-2,-128,50,-128,10.488088481701515,
4689,3,0,2,0,5,8,-1,-128,51,-128,9.486832980505138,
4691,3,-1,3,1,5,7,0,-128,51,-128,8.602325267042627,
4694,3,0,2,1,4,6,0,-128,51,-128,7.211102550927978,
4696,3,0,2,1,4,5,1,-128,49,-128,6.48074069840786,
4698,3,0,1,0,4,4,3,-128,48,-128,6.4031242374328485,
4700,3,-1,1,1,5,2,4,-128,46,-128,6.708203932499369,
4702,3,0,1,1,5,1,5,-128,44,-128,7.14142842854285,
4704,3,0,0,2,4,0,6,-128,41,-128,7.211102550927978,
4706,3,0,0,2,5,-1,7,-128,38,-128,8.660254037844387,
4708,3,-1,1,2,5,-3,9,-128,36,-128,10.723805294763608,
4710,3,0,1,2,7,-4,12,-128,30,-128,14.45683229480096,
4712,3,0,0,2,8,-4,13,-128,20,-128,15.7797338380595,
4714,3,1,0,2,8,-6,14,-128,8,-128,17.204650534085253,
4716,3,0,-1,3,7,-8,15,-128,-5,-128,18.384776310850235,
4718,3,0,-1,3,8,-11,17,-128,-13,-128,21.77154105707724,
4722,3,0,-2,5,6,-12,17,-128,-18,-128,21.656407827707714,
4724,3,-1,-2,4,5,-15,19,-128,-17,-128,24.71841418861655,
4726,3,0,-1,4,3,-17,20,-128,-12,-128,26.419689627245813,
4728,3,0,-2,5,2,-21,22,-128,0,-128,30.479501308256342,
4730,3,-1,-2,4,1,-24,23,115,6,115,33.25657829663178,
4732,3,-1,-3,4,1,-26,23,97,13,97,34.72751070837067,
4734,3,0,-3,4,1,-28,23,77,18,77,36.24913792078372,
4671,3,-1,-3,4,2,-29,23,53,19,53,37.067505985701274,
4739,3,-1,-3,3,1,-29,21,22,19,22,35.81898937714463,
4741,3,0,-3,3,2,-29,20,6,14,6,35.2845575287547,
4743,3,-1,-3,3,2,-28,20,-7,3,-7,34.46737587922817,
4745,3,-1,-3,1,4,-26,21,-12,-16,-12,33.66006535941367,
4747,3,-2,-2,1,1,-28,12,-32,-13,-32,30.479501308256342,
4927,3,-1,-3,1,2,-27,11,-49,-36,-49,29.223278392404914,
4927,3,-1,-3,1,2,-27,9,-64,-43,-64,28.53068523537421,
5011,3,-1,-3,1,3,-27,10,-83,-54,-83,28.948229652260256,
5013,3,-1,-3,0,2,-27,6,-104,-61,-104,27.730849247724095,
5015,3,-1,-2,2,2,-27,6,63,-67,63,27.730849247724095,
5017,3,-1,-2,1,2,-24,7,63,-82,63,25.079872407968907,
5019,3,-1,-1,2,2,-22,9,63,-94,63,23.853720883753127,
5183,3,-1,-2,2,2,-20,10,63,-105,63,22.44994432064365,
5279,3,0,-2,2,2,-19,10,63,63,63,21.563858652847824,
5281,3,-1,-1,2,1,-17,10,63,-120,63,19.748417658131498,
5283,3,-1,0,2,1,-15,10,63,-126,63,18.05547008526779,
5285,3,-1,0,1,1,-13,10,63,63,63,16.431676725154983,
5287,3,0,0,1,0,-12,9,63,63,63,15.0,
5289,3,-1,0,1,0,-10,8,63,-125,63,12.806248474865697,
5292,3,-1,0,2,0,-9,7,63,-120,63,11.40175425099138,
5294,3,-1,1,1,0,-6,7,63,-110,63,9.219544457292887,
5296,3,-1,1,2,0,-5,7,63,-104,63,8.602325267042627,
5300,3,-1,1,1,0,-2,6,63,-97,63,6.324555320336759,
5302,3,-1,1,2,0,0,6,63,-88,63,6.0,
5304,3,-1,2,2,0,1,5,63,-76,63,5.0990195135927845,
5306,3,-1,2,1,0,5,4,63,-58,63,6.4031242374328485,
5308,3,-1,3,1,1,7,3,63,-42,63,7.681145747868608,
5310,3,-1,3,1,1,10,2,63,-25,63,10.246950765959598,
5312,3,-1,3,1,2,12,2,63,-10,63,12.328828005937952,
5314,3,0,4,1,2,14,1,63,3,63,14.177446878757825,
5316,3,-1,4,1,3,18,2,63,24,63,18.35755975068582,
5318,3,-1,4,2,4,19,3,63,33,63,19.6468827043885,
5320,3,0,5,1,5,21,4,63,38,63,21.95449840010015,
5322,3,-1,6,1,5,26,3,63,41,63,26.645825188948457,
5324,3,0,6,1,5,28,1,63,42,63,28.460498941515414,
5326,3,0,7,0,5,32,0,63,44,63,32.38826948140329,
5328,3,0,6,-1,6,34,-3,63,47,63,34.655446902326915,
5332,3,0,8,-1,6,36,-6,63,56,63,36.98648401781386,
5335,3,0,7,-2,8,36,-9,63,58,63,37.960505792204614,
5337,3,1,7,-3,9,38,-12,63,59,63,40.85339643163099,
5339,3,1,8,-3,11,40,-16,63,63,63,44.46346815083142,
5341,3,1,8,-3,12,41,-18,63,64,63,46.357307945997036,
5343,3,1,9,-3,12,43,-21,63,65,63,49.33558553417604,
5345,3,1,8,-3,12,43,-23,63,68,63,50.21951811795888,
5347,3,2,8,-4,14,42,-23,-123,66,-123,49.889878733065686,
5349,3,2,9,-4,17,40,-24,-74,64,-74,49.64876634922564,
5351,3,1,9,-3,16,45,-22,-40,55,-40,52.583267300539625,
5353,3,1,9,-3,14,48,-22,-7,48,-7,54.62600113499065,
5355,3,1,9,-3,13,46,-23,26,46,26,53.04714883949938,
5357,3,1,8,-3,12,44,-21,57,46,57,50.20956084253277,
5359,3,1,8,-2,12,42,-18,102,40,102,47.24404724407086,
5361,3,1,6,-1,12,40,-15,-128,35,-128,44.37341546466758,
5365,3,1,7,-2,11,38,-14,-128,32,-128,41.96427051671457,
5367,3,0,6,-2,11,35,-12,-128,31,-128,38.600518131237564,
5369,3,0,7,-1,10,33,-10,-128,32,-128,35.90264614203248,
5371,3,1,6,-1,10,30,-8,-128,36,-128,32.61901286060018,
5373,3,0,6,0,10,27,-5,-128,39,-128,29.223278392404914,
5376,3,0,5,0,9,25,-4,-128,40,-128,26.870057685088806,
5378,3,0,4,0,9,23,-2,-128,42,-128,24.779023386727733,
5380,3,0,4,0,9,21,0,-128,43,-128,22.847319317591726,
5382,3,0,4,1,9,18,0,-128,42,-128,20.12461179749811,
5384,3,1,3,0,9,16,2,-128,41,-128,18.466185312619388,
5386,3,0,3,1,9,15,2,-128,38,-128,17.60681686165901,
5388,3,1,4,1,9,13,3,-128,35,-128,16.09347693943108,
5390,3,-1,3,1,8,12,4,-128,30,-128,14.966629547095765,
5392,3,-1,2,2,7,9,4,-128,25,-128,12.083045973594572,
5394,3,-1,2,1,6,8,3,-128,26,-128,10.44030650891055,
5398,3,0,2,2,5,7,4,-128,27,-128,9.486832980505138,
5400,3,0,1,1,4,6,5,-128,26,-128,8.774964387392123,
5402,3,1,2,2,4,4,7,-128,22,-128,9.0,
5404,3,0,1,2,5,4,10,-128,16,-128,11.874342087037917,
5406,3,1,1,2,8,3,13,-128,10,-128,15.556349186104045,
5408,3,1,0,3,9,1,15,-128,0,-128,17.52141546793523,
5410,3,1,1,3,10,-1,17,-128,-10,-128,19.748417658131498,
5412,3,1,0,3,11,-2,19,-128,-20,-128,22.045407685048602,
5414,3,1,1,3,11,-4,22,-128,-33,-128,24.919871588754223,
5416,3,0,0,4,11,-5,24,-128,-37,-128,26.870057685088806,
5419,3,0,-1,5,11,-8,27,-128,-41,-128,30.23243291566195,
5421,3,0,-1,6,9,-11,27,-128,-43,-128,30.512292604784715,
5423,3,0,-2,6,8,-15,28,-128,-34,-128,32.7566787083184,
5425,3,0,-2,6,5,-21,29,-128,-4,-128,36.15245496505044,
5429,3,-1,-3,6,4,-23,33,-128,9,-128,40.422765862815474,
5431,3,0,-3,5,4,-26,35,-128,15,-128,43.78355855797927,
5433,3,-1,-4,5,4,-28,35,-128,18,-128,45.0,
5435,3,-1,-4,4,4,-31,32,-128,19,-128,44.73253849269008,
5437,3,-1,-4,5,3,-33,27,-128,30,-128,42.74342054632502,
5437,3,-1,-4,5,3,-33,27,-128,30,-128,42.74342054632502,
5441,3,-1,-5,5,5,-37,29,68,22,68,47.275786614291256,
5443,3,0,-5,2,4,-40,24,39,10,39,46.8187996428785,
5445,3,1,-5,2,3,-40,17,-11,29,-11,43.56604182158393,
5447,3,0,-5,1,7,-35,18,-35,-8,-35,39.97499218261337,
5449,3,0,-4,1,6,-35,10,-62,-15,-62,36.89173349139343,
5451,3,0,-3,2,6,-33,11,-90,-31,-90,35.298725189445584,
5453,3,0,-4,1,6,-32,8,-107,-50,-107,33.52610922848042,
5455,3,0,-3,2,4,-31,8,63,-57,63,32.264531609803356,
5457,3,0,-3,2,5,-27,10,63,-82,63,29.223278392404914,
5462,3,-1,-2,2,5,-25,12,63,-98,63,28.178005607210743,
5464,3,-1,-2,1,4,-23,12,63,-111,63,26.248809496813376,
5466,3,0,-1,2,4,-21,13,63,-125,63,25.019992006393608,
5468,3,0,-2,2,4,-19,12,63,-128,63,22.825424421026653,
5470,3,-1,-1,1,3,-17,10,63,-128,63,19.949937343260004,
5472,3,0,-1,0,3,-16,9,63,-128,63,18.601075237738275,
5474,3,-1,0,2,2,-14,9,63,-128,63,16.76305461424021,
5476,3,-1,0,3,2,-12,8,63,-128,63,14.560219778561036,
5478,3,-1,-1,2,2,-8,7,63,63,63,10.816653826391969,
5480,3,-1,0,2,2,-6,6,63,63,63,8.717797887081348,
5482,3,-1,1,2,2,-4,5,63,-95,63,6.708203932499369,
5484,3,0,1,2,2,-2,4,63,-74,63,4.898979485566356,
5486,3,-1,2,2,3,0,5,63,-56,63,5.830951894845301,
5488,3,-1,2,1,4,2,3,63,-33,63,5.385164807134504,
5490,3,1,2,2,3,4,1,63,-11,63,5.0990195135927845,
5494,3,0,2,1,5,5,1,63,7,63,7.14142842854285,
5496,3,0,2,1,6,7,1,63,23,63,9.273618495495704,
5498,3,1,2,1,7,8,1,63,38,63,10.677078252031311,
5500,3,1,3,1,10,10,1,63,56,63,14.177446878757825,
5502,3,1,3,1,11,12,1,63,65,63,16.30950643030009,
5439,3,1,3,0,12,15,0,63,73,63,19.209372712298546,
5507,3,1,4,0,12,17,-2,63,80,63,20.904544960366874,
5509,3,2,4,0,13,19,-3,63,86,63,23.2163735324878,
5511,3,1,4,-1,15,22,-5,63,90,63,27.09243436828813,
5513,3,2,4,-2,16,24,-7,63,92,63,29.68164415931166,
5515,3,2,5,-1,17,25,-10,63,93,63,31.843366656181317,
5695,3,3,5,-2,18,26,-12,63,95,63,33.823069050575526,
5695,3,3,5,-2,20,26,-14,63,97,63,35.66510900025401,
5777,3,3,6,-3,22,27,-16,63,96,63,38.3275357934736,
5779,3,2,6,-2,23,27,-18,63,94,63,39.774363602702685,
5783,3,3,5,-2,23,28,-19,-109,92,-109,40.91454509095757,
5785,3,4,6,-3,23,27,-17,-88,87,-88,39.331920878594275,
5787,3,4,6,-3,26,27,-17,-69,78,-69,41.15823125451335,
5951,3,3,6,-3,28,28,-19,-39,57,-39,43.9203825119955,
6047,3,4,5,-3,28,28,-19,-18,44,-18,43.9203825119955,
6049,3,3,4,-2,28,27,-16,-1,24,-1,42.05948168962618,
6051,3,3,5,-3,28,25,-16,13,5,13,40.80441152620633,
6053,3,3,4,-2,28,23,-14,25,-12,25,38.84584919911006,
6055,3,3,5,-2,27,22,-12,43,-37,43,36.837480912787726,
6057,3,3,4,-2,26,21,-11,54,-51,54,35.185224171518364,
6060,3,2,5,-2,24,20,-11,65,-61,65,33.12099032335839,
6062,3,2,4,-1,22,19,-11,75,-68,75,31.080540535840107,
6064,3,2,4,-1,19,19,-10,86,-72,86,28.6705423736629,
6066,3,2,4,-1,16,18,-9,101,-73,101,25.709920264364882,
6070,3,1,4,-1,15,17,-8,111,-72,111,24.041630560342615,
6072,3,0,3,-1,14,16,-7,120,-71,120,22.38302928559939,
6074,3,1,3,-1,13,15,-7,-128,-69,-128,21.047565179849187,
6076,3,1,4,-1,12,14,-6,-128,-66,-128,19.390719429665317,
6078,3,1,3,0,11,12,-5,-128,-60,-128,17.029386365926403,
6080,3,1,2,0,10,11,-4,-128,-56,-128,15.394804318340652,
6082,3,1,3,0,10,10,-4,-128,-52,-128,14.696938456699069,
6084,3,0,3,1,9,9,-3,-128,-47,-128,13.076696830622021,
6086,3,1,2,0,9,8,-2,-128,-44,-128,12.206555615733702,
6088,3,1,2,0,8,7,-1,-128,-42,-128,10.677078252031311,
6090,3,0,3,0,8,6,0,-128,-41,-128,10.0,
6092,3,0,1,0,7,6,0,-128,-40,-128,9.219544457292887,
6094,3,0,1,1,7,5,0,-128,-39,-128,8.602325267042627,
6096,3,0,1,0,7,5,0,-128,-39,-128,8.602325267042627,
6098,3,0,2,1,6,4,1,-128,-39,-128,7.280109889280518,
6103,3,0,1,1,6,3,2,-128,-40,-128,7.0,
6105,3,0,1,1,5,3,2,-128,-41,-128,6.164414002968976,
6107,3,-1,2,1,5,2,3,-128,-44,-128,6.164414002968976,
6109,3,1,1,1,5,2,4,-128,-49,-128,6.708203932499369,
6111,3,0,1,1,5,1,4,-128,-53,-128,6.48074069840786,
6113,3,0,1,1,4,1,4,-128,-57,-128,5.744562646538029,
6115,3,0,2,1,4,1,5,-128,-62,-128,6.48074069840786,
6117,3,-1,1,1,4,0,5,126,-68,126,6.4031242374328485,
6119,3,-1,1,1,3,0,5,122,-73,122,5.830951894845301,
6121,3,0,1,1,3,0,6,117,-83,117,6.708203932499369,
6123,3,-1,1,1,2,0,6,112,-90,112,6.324555320336759,
6125,3,-1,1,1,2,-1,6,108,-96,108,6.4031242374328485,
6127,3,-1,1,0,1,-1,6,103,-103,103,6.164414002968976,
6129,3,-1,1,1,1,-1,6,99,-109,99,6.164414002968976,
6131,3,-1,1,1,0,-1,6,92,-117,92,6.082762530298219,
6135,3,-1,1,1,0,-2,6,87,-123,87,6.324555320336759,
6137,3,-2,1,1,0,-2,6,83,63,83,6.324555320336759,
6139,3,-1,1,1,0,-2,6,79,-128,79,6.324555320336759,
6141,3,-1,1,1,-1,-2,6,73,-128,73,6.4031242374328485,
6144,3,-1,1,1,-1,-2,6,69,-128,69,6.4031242374328485,
6146,3,-1,1,1,-2,-3,7,64,-128,64,7.874007874011811,
6148,3,-1,1,1,-2,-3,7,60,-128,60,7.874007874011811,
6150,3,-1,1,2,-3,-3,6,56,-128,56,7.3484692283495345,
6152,3,-2,0,2,-3,-3,6,51,-128,51,7.3484692283495345,
6154,3,-2,1,2,-4,-3,6,45,-128,45,7.810249675906654,
6156,3,-2,1,2,-5,-3,6,42,-128,42,8.366600265340756,
6158,3,-3,1,1,-5,-2,6,38,-128,38,8.06225774829855,
6160,3,-3,0,2,-6,-3,6,34,-128,34,9.0,
6162,3,-3,1,1,-6,-3,6,30,-128,30,9.0,
6164,3,-3,0,1,-7,-3,5,24,-124,24,9.1104335791443,
6168,3,-3,0,2,-7,-3,5,21,-119,21,9.1104335791443,
6170,3,-3,0,2,-8,-3,5,18,63,18,9.899494936611665,
6172,3,-3,1,1,-9,-3,5,15,-107,15,10.723805294763608,
6174,3,-3,0,1,-10,-3,4,11,-97,11,11.180339887498949,
6176,3,-4,1,1,-10,-3,4,9,-89,9,11.180339887498949,
6178,3,-4,1,2,-11,-3,4,6,-82,6,12.083045973594572,
6180,3,-3,1,1,-11,-3,4,3,-74,3,12.083045973594572,
6182,3,-3,1,1,-12,-3,4,0,-65,0,13.0,
6184,3,-3,1,1,-12,-3,4,-1,-58,-1,13.0,
6187,3,-3,1,2,-13,-3,3,-5,-46,-5,13.674794331177344,
6189,3,-4,1,1,-13,-3,3,-8,-39,-8,13.674794331177344,
6191,3,-3,0,2,-14,-3,3,-10,-33,-10,14.628738838327793,
6193,3,-3,1,1,-14,-3,3,-13,-27,-13,14.628738838327793,
6195,3,-3,1,1,-14,-3,3,-16,-21,-16,14.628738838327793,
6197,3,-4,1,1,-15,-3,3,-19,-14,-19,15.588457268119896,
6201,3,-3,1,1,-15,-3,3,-22,-11,-22,15.588457268119896,
6203,3,-4,1,1,-15,-3,2,-24,-8,-24,15.427248620541512,
6205,3,-4,1,1,-15,-3,2,-27,-5,-27,15.427248620541512,
6205,3,-4,1,1,-15,-3,2,-27,-5,-27,15.427248620541512,
6209,3,-3,1,0,-16,-3,2,-33,0,-33,16.401219466856727,
6211,3,-4,1,1,-16,-3,2,-35,1,-35,16.401219466856727,
6213,3,-4,1,0,-16,-3,2,-38,3,-38,16.401219466856727,
6215,3,-4,1,1,-15,-2,2,-40,5,-40,15.264337522473747,
6217,3,-4,1,1,-16,-2,2,-43,9,-43,16.24807680927192,
6219,3,-4,1,1,-16,-2,1,-43,13,-43,16.15549442140351,
6221,3,-3,1,1,-16,-2,2,-42,17,-42,16.24807680927192,
6223,3,-4,1,1,-16,-2,2,-42,21,-42,16.24807680927192,
6225,3,-3,1,1,-15,-1,2,-42,24,-42,15.165750888103101,
6227,3,-3,1,1,-15,-1,3,-42,27,-42,15.329709716755891,
6232,3,-4,1,1,-15,-1,2,-42,30,-42,15.165750888103101,
6234,3,-4,1,1,-14,-1,1,-44,35,-44,14.071247279470288,
6236,3,-4,2,1,-14,0,2,-45,41,-45,14.142135623730951,
6238,3,-3,1,1,-13,0,2,-46,43,-46,13.152946437965905,
6240,3,-3,1,0,-13,0,2,-47,46,-47,13.152946437965905,
6242,3,-3,1,1,-12,0,2,-48,49,-48,12.165525060596439,
6244,3,-3,1,1,-11,1,3,-48,52,-48,11.445523142259598,
6246,3,-3,1,1,-11,1,2,-47,57,-47,11.224972160321824,
6248,3,-3,2,1,-10,1,3,-47,60,-47,10.488088481701515,
6250,3,-3,2,1,-10,2,3,-46,64,-46,10.63014581273465,
6252,3,-3,2,1,-10,2,3,-46,65,-46,10.63014581273465,
6254,3,-3,1,0,-9,3,3,-45,67,-45,9.9498743710662,
6256,3,-3,2,1,-9,3,3,-44,69,-44,9.9498743710662,
6258,3,-3,2,1,-8,3,3,-43,72,-43,9.055385138137417,
6262,3,-3,2,1,-7,2,3,-41,77,-41,7.874007874011811,
6264,3,-3,2,1,-8,2,2,-43,83,-43,8.48528137423857,
6266,3,-2,2,1,-8,2,2,-44,88,-44,8.48528137423857,
6268,3,-3,2,1,-7,3,3,-45,91,-45,8.18535277187245,
6270,3,-3,2,1,-7,3,3,-45,92,-45,8.18535277187245,
6207,3,-2,2,2,-7,3,3,-44,98,-44,8.18535277187245,
6275,3,-2,2,1,-6,4,4,-44,102,-44,8.246211251235321,
6277,3,-2,2,1,-6,4,4,-43,104,-43,8.246211251235321,
6279,3,-2,2,1,-6,5,4,-43,107,-43,8.774964387392123,
6281,3,-2,2,1,-5,5,4,-42,111,-42,8.12403840463596,
6283,3,-2,2,1,-4,6,5,-39,118,-39,8.774964387392123,
6463,3,-2,3,2,-4,7,5,-38,121,-38,9.486832980505138,
6463,3,-1,2,1,-3,7,4,-37,126,-37,8.602325267042627,
6545,3,-1,2,1,-3,8,4,-36,127,-36,9.433981132056603,
6547,3,-1,2,1,-1,8,5,-33,127,-33,9.486832980505138,
6551,3,-1,3,1,0,8,4,-30,127,-30,8.94427190999916,
6553,3,-1,2,1,1,8,4,-28,127,-28,9.0,
6555,3,0,2,1,3,7,4,-26,127,-26,8.602325267042627,
6719,3,0,2,1,5,6,3,-24,127,-24,8.366600265340756,
6815,3,1,2,1,7,6,2,-24,127,-24,9.433981132056603,
6817,3,2,1,0,11,4,1,-24,127,-24,11.74734012447073,
6819,3,2,1,1,14,4,0,-26,127,-26,14.560219778561036,
6821,3,3,3,0,18,4,0,-28,127,-28,18.439088914585774,
6823,3,4,1,0,22,4,-1,-30,127,-30,22.38302928559939,
6825,3,5,2,0,27,4,-1,-32,127,-32,27.313000567495326,
6828,3,5,3,0,34,5,-1,-28,127,-28,34.38022687534217,
6830,3,7,1,0,40,6,-1,-27,127,-27,40.45985664828782,
6832,3,7,3,0,45,7,-1,-27,127,-27,45.552167895721496,
6834,3,16,1,-7,51,9,-1,-28,127,-28,51.79768334587948,
6836,3,110,22,-2,60,12,-7,-22,127,-22,61.587336360651285,
6838,3,49,13,6,-128,127,-61,58,-22,58,190.35230495058366,
6842,3,15,-23,-6,-128,46,-62,63,127,63,149.47909552843836,
6844,3,17,-11,-6,97,-128,63,63,127,63,172.51666586159146,
6846,3,9,3,4,104,-107,3,-114,127,-114,149.24476540234167,
6848,3,5,5,0,87,13,65,9,127,9,109.37549999885715,
6850,3,3,4,-4,48,64,82,-128,-128,-128,114.56002793295748,
6852,3,3,5,-7,26,35,31,-128,-128,-128,53.49766350038102,
6854,3,3,6,-6,18,23,-3,-128,-128,-128,29.359836511806396,
6856,3,0,7,-2,14,15,-27,-128,-128,-128,33.91164991562634,
6858,3,-1,8,2,2,7,-45,114,-128,114,45.58508528016593,
6860,3,-2,5,3,-13,7,-41,5,-128,5,43.57751713900185,
6862,3,-4,4,3,-15,14,-39,18,-128,18,44.06812907306141,
6864,3,-4,3,3,-19,0,-20,53,2,53,27.586228448267445,
6866,3,-4,2,2,-20,-2,-4,83,92,83,20.493901531919196,
6868,3,-5,0,1,-17,-1,5,112,127,112,17.74823934929885,
6871,3,-4,-2,0,-20,-8,7,-128,127,-128,22.64950330581225,
6875,3,-4,-2,-2,-23,-13,1,125,125,125,26.43860813280457,
6877,3,-3,-2,-2,-19,-17,-2,111,104,111,25.573423705088842,
6879,3,-2,-2,-2,-12,-19,-3,88,73,88,22.67156809750927,
6881,3,-1,-1,-2,-6,-20,-4,56,34,56,21.2602916254693,
6883,3,0,-1,0,1,-15,-4,2,-20,2,15.556349186104045,
6885,3,0,1,0,5,-11,-3,-26,-50,-26,12.449899597988733,
6887,3,1,0,0,9,-6,0,-46,-71,-46,10.816653826391969,
6889,3,0,1,1,10,-3,1,-57,-87,-57,10.488088481701515,
6891,3,0,1,1,10,0,4,-61,-96,-61,10.770329614269007,
6893,3,0,3,2,9,4,5,-59,-98,-59,11.045361017187261,
6895,3,-1,3,2,7,6,6,-55,-94,-55,11.0,
6897,3,-1,3,2,5,8,7,-50,-86,-50,11.74734012447073,
6899,3,-1,3,2,3,10,6,-44,-79,-44,12.041594578792296,
6901,3,-1,2,1,2,11,7,-38,-74,-38,13.19090595827292,
6903,3,-1,3,1,0,11,6,-29,-68,-29,12.529964086141668,
6907,3,-2,2,1,-2,10,5,-24,-63,-24,11.357816691600547,
6909,3,-2,1,1,-4,9,4,-20,-55,-20,10.63014581273465,
6912,3,-2,2,1,-4,8,3,-17,-49,-17,9.433981132056603,
6914,3,-2,2,1,-5,6,1,-14,-35,-14,7.874007874011811,
6916,3,-2,1,1,-5,5,0,-11,-27,-11,7.0710678118654755,
6918,3,-2,1,1,-5,2,0,-8,-18,-8,5.385164807134504,
6920,3,-2,1,0,-5,1,0,-6,-9,-6,5.0990195135927845,
6922,3,-2,1,0,-4,0,-1,-5,-1,-5,4.123105625617661,
6924,3,-1,0,-1,-3,-2,-1,-6,6,-6,3.7416573867739413,
6926,3,-1,0,0,-1,-3,-1,-10,9,-10,3.3166247903554,
6928,3,-1,1,0,0,-4,-1,-14,11,-14,4.123105625617661,
6930,3,-1,1,1,1,-4,-1,-19,10,-19,4.242640687119285,
6932,3,0,1,0,2,-4,-1,-24,9,-24,4.58257569495584,
6934,3,-1,1,0,4,-4,0,-31,4,-31,5.656854249492381,
6938,3,1,1,0,5,-3,0,-34,0,-34,5.830951894845301,
6940,3,0,0,1,7,-3,0,-36,-4,-36,7.615773105863909,
6942,3,0,2,0,8,-2,1,-37,-8,-37,8.306623862918075,
6944,3,1,1,0,9,-1,1,-38,-14,-38,9.1104335791443,
6946,3,1,1,1,9,0,1,-38,-21,-38,9.055385138137417,
6948,3,0,1,1,9,0,1,-38,-25,-38,9.055385138137417,
6950,3,1,2,0,9,0,0,-36,-26,-36,9.0,
6952,3,0,1,1,9,1,0,-35,-27,-35,9.055385138137417,
6955,3,1,2,1,9,1,0,-34,-26,-34,9.055385138137417,
6957,3,0,1,1,9,1,-1,-32,-18,-32,9.1104335791443,
6959,3,1,2,0,9,2,-1,-32,-13,-32,9.273618495495704,
6961,3,0,2,0,8,2,-1,-31,-8,-31,8.306623862918075,
6963,3,0,1,0,8,1,-1,-29,-4,-29,8.12403840463596,
6965,3,0,1,0,8,1,-1,-28,-1,-28,8.12403840463596,
6969,3,0,2,0,8,1,-2,-26,2,-26,8.306623862918075,
6971,3,0,1,0,8,1,-2,-25,4,-25,8.306623862918075,
6973,3,1,2,0,8,0,-2,-25,6,-25,8.246211251235321,
6973,3,1,2,0,8,0,-2,-25,6,-25,8.246211251235321,
6977,3,0,2,0,9,0,-3,-24,9,-24,9.486832980505138,
6979,3,0,2,0,9,0,-3,-24,13,-24,9.486832980505138,
6981,3,1,2,0,9,0,-4,-22,15,-22,9.848857801796104,
6983,3,0,1,0,10,0,-4,-21,18,-21,10.770329614269007,
6985,3,1,1,0,10,0,-4,-19,21,-19,10.770329614269007,
6987,3,2,1,0,10,0,-4,-17,23,-17,10.770329614269007,
6989,3,1,1,-1,11,0,-3,-16,24,-16,11.40175425099138,
6991,3,0,1,0,11,0,-3,-14,22,-14,11.40175425099138,
6993,3,1,1,0,12,0,-3,-13,19,-13,12.36931687685298,
6995,3,1,0,0,12,0,-2,-11,16,-11,12.165525060596439,
6998,3,1,1,0,12,0,-3,-10,13,-10,12.36931687685298,
7002,3,1,1,0,12,0,-3,-8,10,-8,12.36931687685298,
7004,3,1,1,-1,12,0,-3,-8,9,-8,12.36931687685298,
7006,3,1,1,0,12,0,-3,-7,8,-7,12.36931687685298,
7008,3,1,1,0,12,0,-3,-7,7,-7,12.36931687685298,
7010,3,1,1,0,11,0,-3,-7,6,-7,11.40175425099138,
7012,3,0,1,0,11,0,-3,-6,6,-6,11.40175425099138,
7014,3,0,2,0,11,0,-3,-5,6,-5,11.40175425099138,
7016,3,1,1,0,11,0,-3,-4,6,-4,11.40175425099138,
7018,3,1,1,0,10,0,-3,-4,6,-4,10.44030650891055,
7020,3,0,1,0,10,0,-3,-3,6,-3,10.44030650891055,
7022,3,1,1,-1,10,0,-3,-2,6,-2,10.44030650891055,
7024,3,0,1,-1,10,0,-4,-1,6,-1,10.770329614269007,
7026,3,0,1,0,10,0,-4,-1,6,-1,10.770329614269007,
7028,3,0,1,-1,10,0,-4,0,7,0,10.770329614269007,
7030,3,1,1,-1,10,0,-4,0,7,0,10.770329614269007,
7032,3,1,0,0,10,0,-3,0,6,0,10.44030650891055,
7036,3,1,1,0,10,0,-3,1,6,1,10.44030650891055,
7038,3,1,2,0,10,0,-3,2,6,2,10.44030650891055,
6975,3,0,1,0,10,0,-3,3,5,3,10.44030650891055,
7043,3,0,1,0,10,0,-3,4,5,4,10.44030650891055,
7045,3,0,1,-1,10,0,-3,5,5,5,10.44030650891055,
7047,3,0,1,0,10,0,-3,5,5,5,10.44030650891055,
7049,3,0,1,0,10,0,-3,5,4,5,10.44030650891055,
7051,3,1,1,0,10,0,-3,6,4,6,10.44030650891055,
7231,3,1,1,0,10,0,-3,6,3,6,10.44030650891055,
7231,3,0,0,0,10,0,-3,7,3,7,10.44030650891055,
7313,3,0,1,-1,10,0,-3,8,3,8,10.44030650891055,
7315,3,1,1,0,10,0,-3,8,3,8,10.44030650891055,
7317,3,1,1,0,10,0,-3,8,3,8,10.44030650891055,
7319,3,0,1,0,10,0,-3,8,4,8,10.44030650891055,
7321,3,0,1,0,10,0,-3,8,5,8,10.44030650891055,
7487,3,0,1,0,9,0,-3,8,5,8,9.486832980505138,
7583,3,1,2,0,9,0,-3,9,5,9,9.486832980505138,
7585,3,1,1,0,9,0,-3,9,5,9,9.486832980505138,
7587,3,0,2,0,9,0,-3,9,5,9,9.486832980505138,
7589,3,0,1,0,9,0,-3,9,4,9,9.486832980505138,
7591,3,0,1,0,9,0,-3,9,4,9,9.486832980505138,
7593,3,0,1,0,9,0,-3,9,3,9,9.486832980505138,
7596,3,1,2,0,9,0,-3,9,3,9,9.486832980505138,
7598,3,0,1,0,9,0,-3,9,3,9,9.486832980505138,
7600,3,0,1,0,9,0,-3,10,2,10,9.486832980505138,
7602,3,0,1,0,9,0,-3,10,1,10,9.486832980505138,
7604,3,0,1,0,9,0,-2,10,0,10,9.219544457292887,
7606,3,0,1,0,9,0,-2,10,0,10,9.219544457292887,
7608,3,1,1,0,9,0,-2,10,-2,10,9.219544457292887,
7610,3,1,0,0,9,0,-2,11,-4,11,9.219544457292887,
7614,3,1,1,0,9,0,-2,11,-5,11,9.219544457292887,
7616,3,1,1,0,9,0,-2,11,-6,11,9.219544457292887,
7618,3,0,1,0,9,0,-2,11,-7,11,9.219544457292887,
7620,3,0,1,0,8,0,-2,11,-7,11,8.246211251235321,
7622,3,0,2,0,8,0,-2,11,-8,11,8.246211251235321,
7624,3,0,1,0,8,0,-2,12,-9,12,8.246211251235321,
7626,3,0,1,0,8,0,-2,12,-9,12,8.246211251235321,
7628,3,0,1,0,8,0,-2,12,-9,12,8.246211251235321,
7630,3,0,1,0,8,0,-2,13,-9,13,8.246211251235321,
7632,3,0,1,0,7,0,-2,13,-9,13,7.280109889280518,
7634,3,0,1,0,8,0,-2,13,-9,13,8.246211251235321,
7636,3,0,1,0,8,0,-2,13,-9,13,8.246211251235321,
7639,3,0,1,0,8,0,-2,12,-9,12,8.246211251235321,
7641,3,0,1,0,8,0,-2,12,-10,12,8.246211251235321,
7643,3,0,1,0,8,0,-2,12,-11,12,8.246211251235321,
7647,3,0,1,0,9,0,-2,12,-11,12,9.219544457292887,
7649,3,0,1,0,9,0,-1,12,-12,12,9.055385138137417,
7651,3,0,1,0,9,0,-2,11,-14,11,9.219544457292887,
7653,3,0,1,0,9,0,-1,11,-15,11,9.055385138137417,
7655,3,0,1,0,9,0,-1,11,-18,11,9.055385138137417,
7657,3,0,1,0,9,0,-1,10,-19,10,9.055385138137417,
7659,3,0,1,-1,9,0,-2,10,-20,10,9.219544457292887,
7661,3,2,1,0,9,0,-2,11,-21,11,9.219544457292887,
7663,3,1,1,0,8,0,-2,11,-22,11,8.246211251235321,
7665,3,1,1,1,8,0,-2,11,-22,11,8.246211251235321,
7667,3,0,1,-1,8,0,-2,12,-22,12,8.246211251235321,
7669,3,1,1,0,8,0,-2,12,-22,12,8.246211251235321,
7671,3,1,1,0,8,0,-2,13,-21,13,8.246211251235321,
7673,3,0,1,0,7,0,-2,14,-21,14,7.280109889280518,
7677,3,0,1,0,7,0,-2,14,-20,14,7.280109889280518,
7680,3,0,1,0,7,0,-2,14,-19,14,7.280109889280518,
7682,3,0,1,0,7,0,-2,15,-18,15,7.280109889280518,
7684,3,0,1,0,7,0,-2,15,-17,15,7.280109889280518,
7686,3,0,1,0,7,0,-2,16,-16,16,7.280109889280518,
7688,3,0,1,0,7,0,-2,16,-15,16,7.280109889280518,
7690,3,0,1,0,7,0,-2,16,-14,16,7.280109889280518,
7692,3,0,1,0,7,0,-2,17,-13,17,7.280109889280518,
7694,3,0,1,0,8,0,-2,17,-12,17,8.246211251235321,
7696,3,0,1,0,8,0,-2,17,-11,17,8.246211251235321,
7698,3,0,1,1,8,0,-2,18,-11,18,8.246211251235321,
7700,3,0,1,0,8,0,-2,18,-11,18,8.246211251235321,
7702,3,0,1,0,8,0,-2,18,-11,18,8.246211251235321,
7704,3,1,1,0,8,0,-2,19,-11,19,8.246211251235321,
7708,3,0,2,0,8,0,-2,19,-11,19,8.246211251235321,
7710,3,0,1,0,8,0,-2,20,-10,20,8.246211251235321,
7712,3,0,1,0,8,0,-2,21,-10,21,8.246211251235321,
7714,3,0,1,0,8,0,-2,21,-9,21,8.246211251235321,
7716,3,0,2,1,7,0,-2,22,-8,22,7.280109889280518,
7718,3,0,1,0,7,0,-2,22,-7,22,7.280109889280518,
7720,3,0,1,0,7,0,-2,23,-6,23,7.280109889280518,
7723,3,-1,1,0,7,0,-2,24,-5,24,7.280109889280518,
7725,3,0,1,0,7,0,-2,25,-4,25,7.280109889280518,
7727,3,0,1,0,7,0,-2,25,-2,25,7.280109889280518,
7729,3,0,1,0,6,0,-2,26,-1,26,6.324555320336759,
7731,3,1,1,0,6,0,-2,27,0,27,6.324555320336759,
7733,3,0,1,0,6,0,-2,27,0,27,6.324555320336759,
